列 1,列 2,列 3,列 4,列 5,列 6,列 7,列 8,列 9,列 10,列 11
関根瞳,1stLIVE FLY TO THE SHINY SKY DAY2 夜公演,MUSIC DAWN DAY1,2ndLIVE STEP INTO THE SUNSET SKY DAY1,3rdLIVE TOUR PIECE ON PLANET / TOKYO DAY2,4thLIVE 空は澄み、今を越えて。 DAY2,5thLIVE If I_wings. DAY1,5thLIVE If I_wings. DAY2,283PRODUCTION SOLO PERFORMANCE LIVE「我儘なまま」 DAY1,6thLIVE TOUR Come and Unite! Brilliant Blooms DAY2,2nd season LIVE Over the prism DAY2
近藤玲奈,1stLIVE FLY TO THE SHINY SKY DAY2 夜公演,3rdLIVE TOUR PIECE ON PLANET / NAGOYA DAY2,5thLIVE If I_wings. DAY2,,,,,,,
峯田茉優,1stLIVE FLY TO THE SHINY SKY DAY2 夜公演,2ndLIVE STEP INTO THE SUNSET SKY DAY2,3rdLIVE TOUR PIECE ON PLANET / TOKYO DAY2,4thLIVE 空は澄み、今を越えて。 DAY1,5thLIVE If I_wings. DAY1,5.5th Anniversary LIVE 星が見上げた空 DAY2,6thLIVE TOUR Come and Unite! Fantastic Fireworks DAY2,6.5th　DAY2,,
礒部花凜,1stLIVE FLY TO THE SHINY SKY DAY2 夜公演,MUSIC DAWN DAY2,3rdLIVE TOUR PIECE ON PLANET / FUKUOKA DAY1,,,,,,,
菅沼千紗,1stLIVE FLY TO THE SHINY SKY DAY2 夜公演,2ndLIVE STEP INTO THE SUNSET SKY DAY2,3rdLIVE TOUR PIECE ON PLANET / NAGOYA DAY1,4thLIVE 空は澄み、今を越えて。 DAY1,5thLIVE If I_wings. DAY1,6thLIVE TOUR Come and Unite! Fantastic Fireworks DAY1,2nd season LIVE Over the prism DAY2,,,
結名美月,1stLIVE FLY TO THE SHINY SKY DAY2 夜公演,3rdLIVE TOUR PIECE ON PLANET / FUKUOKA DAY2,4thLIVE 空は澄み、今を越えて。 DAY2,283PRODUCTION SOLO PERFORMANCE LIVE「我儘なまま」 DAY2,,,,,,
八巻アンナ,1stLIVE FLY TO THE SHINY SKY DAY2 夜公演,2ndLIVE STEP INTO THE SUNSET SKY DAY1,3rdLIVE TOUR PIECE ON PLANET / NAGOYA DAY2,5thLIVE If I_wings. DAY2,5.5th Anniversary LIVE 星が見上げた空 DAY2,"6.5th Anniversary LIVE ""Chapter 283"" DAY1",6thLIVE TOUR Come and Unite! Fantastic Fireworks DAY1,2nd season LIVE Over the prism DAY2,,
成海瑠奈,1stLIVE FLY TO THE SHINY SKY DAY2 夜公演,,,,,,,,,
希水しお,5thLIVE If I_wings. DAY1,283PRODUCTION SOLO PERFORMANCE LIVE「我儘なまま」 DAY2,6thLIVE TOUR Come and Unite! Brilliant Blooms DAY1,"6.5th Anniversary LIVE ""Chapter 283"" DAY2",,,,,,
永井真里子,1stLIVE FLY TO THE SHINY SKY DAY2 夜公演,3rdLIVE TOUR PIECE ON PLANET / NAGOYA DAY1,5thLIVE If I_wings. DAY2,6thLIVE TOUR Come and Unite! Fantastic Fireworks DAY2,,,,,,
丸岡和佳奈,1stLIVE FLY TO THE SHINY SKY DAY2 夜公演,2ndLIVE STEP INTO THE SUNSET SKY DAY2,3rdLIVE TOUR PIECE ON PLANET / TOKYO DAY1,5.5th Anniversary LIVE 星が見上げた空 DAY2,6.5th　DAY1,,,,,
河野ひより,1stLIVE FLY TO THE SHINY SKY DAY2 夜公演,MUSIC DAWN DAY2,3rdLIVE TOUR PIECE ON PLANET / NAGOYA DAY2,4thLIVE 空は澄み、今を越えて。 DAY1,5th　DAY1,6thLIVE TOUR Come and Unite! Brilliant Blooms DAY1,2nd season LIVE Over the prism DAY2,,,
白石晴香,1stLIVE FLY TO THE SHINY SKY DAY2 夜公演,3rdLIVE TOUR PIECE ON PLANET / FUKUOKA DAY2,4thLIVE 空は澄み、今を越えて。 DAY2,,,,,,,
涼本あきほ,1stLIVE FLY TO THE SHINY SKY DAY2 夜公演,2ndLIVE STEP INTO THE SUNSET SKY DAY1,3rdLIVE TOUR PIECE ON PLANET / TOKYO DAY2,6thLIVE TOUR Come and Unite! Brilliant Blooms DAY1,,,,,,
前川涼子,1stLIVE FLY TO THE SHINY SKY DAY2 夜公演,2ndLIVE STEP INTO THE SUNSET SKY DAY1,3rdLIVE TOUR PIECE ON PLANET / NAGOYA DAY2,4thLIVE 空は澄み、今を越えて。 DAY2,6thLIVE TOUR Come and Unite! Brilliant Blooms DAY2,"6.5th Anniversary LIVE ""Chapter 283"" DAY1",2nd season LIVE Over the prism DAY1,,,
黒木ほの香,1stLIVE FLY TO THE SHINY SKY DAY2 夜公演,MUSIC DAWN DAY1,2ndLIVE STEP INTO THE SUNSET SKY DAY2,3rdLIVE TOUR PIECE ON PLANET / TOKYO DAY1,6th大阪　DAY1,,,,,
芝崎典子,1stLIVE FLY TO THE SHINY SKY DAY2 夜公演,3rdLIVE TOUR PIECE ON PLANET / FUKUOKA DAY1,4thLIVE 空は澄み、今を越えて。 DAY1,5.5th Anniversary LIVE 星が見上げた空 DAY2,2nd season LIVE Over the prism DAY1,,,,,
田中有紀,MUSIC DAWN DAY2,3rdLIVE TOUR PIECE ON PLANET / NAGOYA DAY1,5thLIVE If I_wings. DAY2,2nd season LIVE Over the prism DAY1,,,,,,
幸村恵理,MUSIC DAWN DAY2,2ndLIVE STEP INTO THE SUNSET SKY DAY2,3rdLIVE TOUR PIECE ON PLANET / TOKYO DAY1,4thLIVE 空は澄み、今を越えて。 DAY1,5thLIVE If I_wings. DAY1,283PRODUCTION SOLO PERFORMANCE LIVE「我儘なまま」 DAY1,6thLIVE TOUR Come and Unite! Fantastic Fireworks DAY1,6.5th　DAY2,,
北原沙弥香,MUSIC DAWN DAY2,2ndLIVE STEP INTO THE SUNSET SKY DAY1,3rdLIVE TOUR PIECE ON PLANET / FUKUOKA DAY1,4thLIVE 空は澄み、今を越えて。 DAY2,5.5th Anniversary LIVE 星が見上げた空 DAY1,6thLIVE TOUR Come and Unite! Fantastic Fireworks DAY2,,,,
和久井優,MUSIC DAWN DAY1,3rdLIVE TOUR PIECE ON PLANET / FUKUOKA DAY1,4thLIVE 空は澄み、今を越えて。 DAY2,283PRODUCTION SOLO PERFORMANCE LIVE「我儘なまま」 DAY2,5.5th Anniversary LIVE 星が見上げた空 DAY1,"6.5th Anniversary LIVE ""Chapter 283"" DAY2",,,,
土屋李央,MUSIC DAWN DAY1,3rdLIVE TOUR PIECE ON PLANET / TOKYO DAY1,4thLIVE 空は澄み、今を越えて。 DAY1,5thLIVE If I_wings. DAY2,,,,,,
田嶌紗蘭,MUSIC DAWN DAY1,2ndLIVE STEP INTO THE SUNSET SKY DAY1,3rdLIVE TOUR PIECE ON PLANET / NAGOYA DAY1,5thLIVE If I_wings. DAY1,283PRODUCTION SOLO PERFORMANCE LIVE「我儘なまま」 DAY1,6thLIVE TOUR Come and Unite! Brilliant Blooms DAY2,"6.5th Anniversary LIVE ""Chapter 283"" DAY2",2nd season LIVE Over the prism DAY1,,
岡咲美保,MUSIC DAWN DAY1,2ndLIVE STEP INTO THE SUNSET SKY DAY2,3rdLIVE TOUR PIECE ON PLANET / FUKUOKA DAY2,283PRODUCTION SOLO PERFORMANCE LIVE「我儘なまま」 DAY1,,,,,,
紫月杏朱彩,4thLIVE 空は澄み、今を越えて。 DAY1,283PRODUCTION SOLO PERFORMANCE LIVE「我儘なまま」 DAY2,6thLIVE TOUR Come and Unite! Fantastic Fireworks DAY1,,,,,,,
山根綺,5thLIVE If I_wings. DAY2,283PRODUCTION SOLO PERFORMANCE LIVE「我儘なまま」 DAY1,5.5th Anniversary LIVE 星が見上げた空 DAY2,,,,,,,
川口莉奈,5thLIVE If I_wings. DAY2,5.5th Anniversary LIVE 星が見上げた空 DAY1,6thLIVE TOUR Come and Unite! Fantastic Fireworks DAY2,"6.5th Anniversary LIVE ""Chapter 283"" DAY2",,,,,,
三川華月,6thLIVE TOUR Come and Unite! Fantastic Fireworks DAY2,,,,,,,,,
小澤麗那,5.5th Anniversary LIVE 星が見上げた空 DAY2,"6.5th Anniversary LIVE ""Chapter 283"" DAY1",,,,,,,,
