列 1,1,2,3,4,5,6,7,Column 11,8,9
関根瞳,283PRODUCTION UNIT LIVE MUGEN BEAT DAY2,5thLIVE If I_wings. DAY2,283PRODUCTION SOLO PERFORMANCE LIVE「我儘なまま」 DAY1,5.5th Anniversary LIVE 星が見上げた空 DAY2,6thLIVE TOUR Come and Unite! Fantastic Fireworks DAY1,"6.5th Anniversary LIVE ""Chapter 283"" DAY1",2nd season LIVE Over the prism DAY2,"283 Production LIVE Performance Uka, Imago,3",7th UNITLIVE TOUR 円環 -Halo around- fourth quadrant DAY1,"7th LIVE TOUR 螺旋 -Halo around- ""The origin on the axes"" DAY2"
近藤玲奈,"283 Production LIVE Performance Uka, Imago,3",7th UNITLIVE TOUR 円環 -Halo around- fourth quadrant DAY2,,,,,,,,
峯田茉優,6thLIVE TOUR Come and Unite! Brilliant Blooms DAY1,"283 Production LIVE Performance Uka, Imago,3",,,,,,,,
礒部花凜,5.5th Anniversary LIVE 星が見上げた空 DAY2,LIVE FUN!! -Beyond the Blue sky- DAY1,7th UNITLIVE TOUR 円環 -Halo around- first quadrant DAY2,,,,,,,
菅沼千紗,283PRODUCTION UNIT LIVE MUGEN BEAT DAY2,7th UNITLIVE TOUR 円環 -Halo around- first quadrant DAY1,,,,,,,,
結名美月,"6.5th Anniversary LIVE ""Chapter 283"" DAY2",2nd season LIVE Over the prism DAY2,7th UNITLIVE TOUR 円環 -Halo around- first quadrant DAY2,∞th LIVE iと夢 DAY1,,,,,,
八巻アンナ,LIVE FUN!! -Beyond the Blue sky- DAY2,7th UNITLIVE TOUR 円環 -Halo around- first quadrant DAY1,,,,,,,,
希水しお,5thLIVE If I_wings. DAY2,283PRODUCTION SOLO PERFORMANCE LIVE「我儘なまま」 DAY2,6thLIVE TOUR Come and Unite! Fantastic Fireworks DAY1,"6.5th Anniversary LIVE ""Chapter 283"" DAY1",,,,,,
永井真里子,"7th LIVE TOUR 螺旋 -Halo around- ""The origin on the axes"" DAY1",∞th LIVE iと夢 DAY1,,,,,,,,
丸岡和佳奈,5.5th Anniversary LIVE 星が見上げた空 DAY2,"6.5th Anniversary LIVE ""Chapter 283"" DAY2",2nd season LIVE Over the prism DAY2,7th UNITLIVE TOUR 円環 -Halo around- second quadrant DAY1,,,,,,
河野ひより,283PRODUCTION UNIT LIVE SETSUNA BEAT DAY2,5thLIVE If I_wings. DAY2,6thLIVE TOUR Come and Unite! Fantastic Fireworks DAY2,2nd season LIVE Over the prism DAY1,7th UNITLIVE TOUR 円環 -Halo around- second quadrant DAY1,シャニマス大感謝祭！ 〜283スポーツフェスティバル〜 DAY2,,,,
白石晴香,,,,,,,,,,
涼本あきほ,283PRODUCTION SOLO PERFORMANCE LIVE「我儘なまま」 DAY2,LIVE FUN!! -Beyond the Blue sky- DAY1,7th UNITLIVE TOUR 円環 -Halo around- second quadrant DAY2,,,,,,,
前川涼子,5thLIVE If I_wings. DAY1,LIVE FUN!! -Beyond the Blue sky- DAY2,7th UNITLIVE TOUR 円環 -Halo around- third quadrant DAY1,"7th LIVE TOUR 螺旋 -Halo around- ""The origin on the axes"" DAY2",∞th LIVE iと夢 DAY2,,,,,
黒木ほの香,6thLIVE TOUR Come and Unite! Brilliant Blooms DAY1,2nd season LIVE Over the prism DAY1,7th UNITLIVE TOUR 円環 -Halo around- third quadrant DAY1,シャニマス大感謝祭！ 〜283スポーツフェスティバル〜 DAY1,,,,,,
芝崎典子,283PRODUCTION UNIT LIVE SETSUNA BEAT DAY2,283PRODUCTION SOLO PERFORMANCE LIVE「我儘なまま」 DAY1,2nd season LIVE Over the prism DAY2,7th UNITLIVE TOUR 円環 -Halo around- third quadrant DAY2,,,,,,
田中有紀,6thLIVE TOUR Come and Unite! Fantastic Fireworks DAY2,7th UNITLIVE TOUR 円環 -Halo around- second quadrant DAY2,シャニマス大感謝祭！ 〜283スポーツフェスティバル〜 DAY2,,,,,,,
幸村恵理,283PRODUCTION SOLO PERFORMANCE LIVE「我儘なまま」 DAY2,"6.5th Anniversary LIVE ""Chapter 283"" DAY2",7th UNITLIVE TOUR 円環 -Halo around- second quadrant DAY2,シャニマス大感謝祭！ 〜283スポーツフェスティバル〜 DAY2,,,,,,
北原沙弥香,283PRODUCTION UNIT LIVE MUGEN BEAT DAY2,5thLIVE If I_wings. DAY2,6thLIVE TOUR Come and Unite! Fantastic Fireworks DAY2,2nd season LIVE Over the prism DAY1,∞th LIVE iと夢 DAY1,,,,,
和久井優,283PRODUCTION UNIT LIVE SETSUNA BEAT DAY2,5thLIVE If I_wings. DAY1,283PRODUCTION SOLO PERFORMANCE LIVE「我儘なまま」 DAY2,LIVE FUN!! -Beyond the Blue sky- DAY2,2nd season LIVE Over the prism DAY1,,,,,
土屋李央,"6.5th Anniversary LIVE ""Chapter 283"" DAY2",7th UNITLIVE TOUR 円環 -Halo around- fourth quadrant DAY2,,,,,,,,
田嶌紗蘭,6thLIVE TOUR Come and Unite! Brilliant Blooms DAY2,6thLIVE TOUR Come and Unite! Fantastic Fireworks DAY1,"6.5th Anniversary LIVE ""Chapter 283"" DAY1",7th UNITLIVE TOUR 円環 -Halo around- fourth quadrant DAY2,"7th LIVE TOUR 螺旋 -Halo around- ""The origin on the axes"" DAY1",,,,,
岡咲美保,6thLIVE TOUR Come and Unite! Brilliant Blooms DAY1,7th UNITLIVE TOUR 円環 -Halo around- fourth quadrant DAY1,,,,,,,,
紫月杏朱彩,283PRODUCTION UNIT LIVE MUGEN BEAT DAY2,283PRODUCTION SOLO PERFORMANCE LIVE「我儘なまま」 DAY1,6thLIVE TOUR Come and Unite! Brilliant Blooms DAY2,7th UNITLIVE TOUR 円環 -Halo around- first quadrant DAY1,シャニマス大感謝祭！ 〜283スポーツフェスティバル〜 DAY1,,,,,
山根綺,5thLIVE If I_wings. DAY1,"6.5th Anniversary LIVE ""Chapter 283"" DAY1",7th UNITLIVE TOUR 円環 -Halo around- first quadrant DAY2,"7th LIVE TOUR 螺旋 -Halo around- ""The origin on the axes"" DAY2",∞th LIVE iと夢 DAY2,,,,,
川口莉奈,5.5th Anniversary LIVE 星が見上げた空 DAY1,6thLIVE TOUR Come and Unite! Fantastic Fireworks DAY1,LIVE FUN!! -Beyond the Blue sky- DAY1,7th UNITLIVE TOUR 円環 -Halo around- third quadrant DAY1,∞th LIVE iと夢 DAY2,,,,,
三川華月,5.5th Anniversary LIVE 星が見上げた空 DAY1,6thLIVE TOUR Come and Unite! Brilliant Blooms DAY1,LIVE FUN!! -Beyond the Blue sky- DAY2,7th UNITLIVE TOUR 円環 -Halo around- third quadrant DAY2,シャニマス大感謝祭！ 〜283スポーツフェスティバル〜 DAY1,,,,,
小澤麗那,5.5th Anniversary LIVE 星が見上げた空 DAY1,6thLIVE TOUR Come and Unite! Fantastic Fireworks DAY2,7th UNITLIVE TOUR 円環 -Halo around- third quadrant DAY2,"7th LIVE TOUR 螺旋 -Halo around- ""The origin on the axes"" DAY1",,,,,,
七草にちか,283 Production LIVE Performance [liminal;marginal;eternal] [odd;2],,,,,,,,,
緋田美琴,283 Production LIVE Performance [liminal;marginal;eternal] [odd;2],,,,,,,,,
斑鳩ルカ,283 Production LIVE Performance [liminal;marginal;eternal] [even;4],,,,,,,,,
鈴木羽那,283 Production LIVE Performance [liminal;marginal;eternal] [even;4],,,,,,,,,
郁田はるき,283 Production LIVE Performance [liminal;marginal;eternal] [even;4],,,,,,,,,
芹沢あさひ,283 Production XXXX Performance XXX= S/N-GUL4R1TY // 0x03; overflow(),,,,,,,,,
黛冬優子,283 Production XXXX Performance XXX= S/N-GUL4R1TY // 0x03; overflow(),,,,,,,,,
和泉愛依,283 Production XXXX Performance XXX= S/N-GUL4R1TY // 0x03; overflow(),,,,,,,,,