衣装,シリーズ,ユニット/キャラ,衣装区分
ビヨンドザブルースカイ,BRILLI@NT WING,シャイニーカラーズ,enza
スパークルイルミネーション,BRILLI@NT WING,イルミネーションスターズ,enza
シンフォニックスチーム,BRILLI@NT WING,アンティーカ,enza
ブレイブヒーロージャージ,BRILLI@NT WING,放課後クライマックスガールズ,enza
ウィッシュフルリリー,BRILLI@NT WING,アルストロメリア,enza
オーバーキャストモノクローム,FR@GMENT WING,シャイニーカラーズ,enza
トゥインクリーチアフル,FR@GMENT WING,イルミネーションスターズ,enza
ラ・ロッソグリム,FR@GMENT WING,アンティーカ,enza
デコデコクリアスプラッシュ,FR@GMENT WING,放課後クライマックスガールズ,enza
デヴォーティングリンネ,FR@GMENT WING,アルストロメリア,enza
ネオンライトロマンサー,FR@GMENT WING,ストレイライト,enza
サンセットスカイパッセージ,GR@DATE WING,シャイニーカラーズ,enza
プラネテスシリーズ,GR@DATE WING,イルミネーションスターズ,enza
ブライクシリーズ,GR@DATE WING,アンティーカ,enza
ギャラクティックシリーズ,GR@DATE WING,放課後クライマックスガールズ,enza
ガルディエーヌシリーズ,GR@DATE WING,アルストロメリア,enza
隠匿シンギュラリティ,GR@DATE WING,ストレイライト,enza
クリアマリンカーム,GR@DATE WING,ノクチル,enza
ユナイトバースプラネタリ,L@YERED WING,シャイニーカラーズ,enza
アステレスオーロライズ,L@YERED WING,イルミネーションスターズ,enza
ルフォンドゥ・ラメール,L@YERED WING,アンティーカ,enza
セーフクエクストリーム！,L@YERED WING,放課後クライマックスガールズ,enza
ウェイトレス・パスカラ,L@YERED WING,アルストロメリア,enza
デッドチャンネルl2<)3,L@YERED WING,ストレイライト,enza
リップリングクリアマリン,L@YERED WING,ノクチル,enza
シルキージェムシリカ,L@YERED WING,シーズ,enza
ファンテジィソナーレ,PANOR@MA WING,イルミネーションスターズ,enza
パピロニアフェリーク,PANOR@MA WING,アンティーカ,enza
C.キャッツユニフォーム,PANOR@MA WING,放課後クライマックスガールズ,enza
マジーク・アルーア,PANOR@MA WING,アルストロメリア,enza
トレーシングミュート,PANOR@MA WING,ストレイライト,enza
セイルテイルブリーズ,PANOR@MA WING,ノクチル,enza
シャンドゥ・ヴォーギン,PANOR@MA WING,シーズ,enza
ワンツーマーチングパレード,CANVAS,イルミネーションスターズ,enza
アンカードルモンクーペ,CANVAS,アンティーカ,enza
ドンシャンマツリバヤシ,CANVAS,放課後クライマックスガールズ,enza
ウーリーメイラースクレ,CANVAS,アルストロメリア,enza
スケルトンオーヴァドライブ,CANVAS,ストレイライト,enza
クリアベルトサーフェス,CANVAS,ノクチル,enza
フォービドゥンシンシアリ,CANVAS,シーズ,enza
コメティックノート,CANVAS,コメティック,enza
リフレジェントプルマージュ,ECHOES,シャイニーカラーズ,enza
ディバインクロンヌ,ECHOES,イルミネーションスターズ,enza
オートクチュールアルテピエス,ECHOES,アンティーカ,enza
ウィッチクラフトアカデミカル,ECHOES,放課後クライマックスガールズ,enza
ローマクラシカルトレンチ,ECHOES,アルストロメリア,enza
ジャックインマトリックス,ECHOES,ストレイライト,enza
パルミエーレインビュー,ECHOES,ノクチル,enza
モノクロマテイクジルコン,ECHOES,シーズ,enza
リフレクティックオプティーク,ECHOES,コメティック,enza
バース オブ ウィング,アニメ,シャイニーカラーズ,enza
シーユースリーパー,Song for Prism1周目,イルミネーションスターズ,シャニソン
カプリシオワンダーランド,Song for Prism1周目,アンティーカ,シャニソン
ドリーミンサポーター,Song for Prism1周目,放課後クライマックスガールズ,シャニソン
ビューティフルウェイフト,Song for Prism1周目,アルストロメリア,シャニソン
リンクスコンティニュティ,Song for Prism1周目,ストレイライト,シャニソン
スプリンクルエアリー,Song for Prism1周目,ノクチル,シャニソン
ツイーディーハピリー,Song for Prism1周目,シーズ,シャニソン
マジックアワーオファリング,Song for Prism1周目,コメティック,シャニソン
ギアーズ・オブ・プライド,Song for Prism2周目,アンティーカ,シャニソン
レジスタンスオーダー・ネオス,Song for Prism3周目,シャイニーカラーズ,シャニソン
フィーリンフォーリンキュン！,Song for Prism3周目,イルミネーションスターズ,シャニソン
パイレートクイーンソヴリナ,Song for Prism3周目,アンティーカ,シャニソン
キラピコドットピクセル,Song for Prism3周目,放課後クライマックスガールズ,シャニソン
インセイシャブルナイツ,Song for Prism3周目,アルストロメリア,シャニソン
バビロントランジット・ラン,Song for Prism3周目,ストレイライト,シャニソン
オールタイムプレシャス,Song for Prism3周目,ノクチル,シャニソン
フェイディングコローレ,Song for Prism3周目,シーズ,シャニソン
オーケイアイノウワットエヴァ,Song for Prism3周目,コメティック,シャニソン
オールマイシャイニー,マイコレ,櫻木真乃,ソロ衣装
スローモーヴィメント,マイコレ,風野灯織,ソロ衣装
フレフレハレバレ,マイコレ,八宮めぐる,ソロ衣装
マイハート・シグナル,マイコレ,月岡恋鐘,ソロ衣装
メルティアイデンティティ,マイコレ,田中摩美々,ソロ衣装
セゾンカンヴィアーレ,マイコレ,白瀬咲耶,ソロ衣装
フィールズ・プラスチック,マイコレ,三峰結華,ソロ衣装
アルフライラリペーテレ,マイコレ,幽谷霧子,ソロ衣装
 ハナマルサンライズ,マイコレ,小宮果穂,ソロ衣装
トコサキノトキワ,マイコレ,園田智代子,ソロ衣装
サンデーチョコデート♡,マイコレ,西城樹里,ソロ衣装
ストラミングブリーチ,マイコレ,杜野凛世,ソロ衣装
アブルマドールダマスカス,マイコレ,有栖川夏葉,ソロ衣装
チェリッシュメモリーズ,マイコレ,大崎甘奈,ソロ衣装
キャッチュードマーニ,マイコレ,大崎甜花,ソロ衣装
リュバン・フォー・エヴァー,マイコレ,桑山千雪,ソロ衣装
イフワナビーアスター,マイコレ,芹沢あさひ,ソロ衣装
スペシャルオンスペシアル,マイコレ,黛冬優子,ソロ衣装
ゴーイング・ストレイト,マイコレ,和泉愛依,ソロ衣装
リーヴィングスターチス,マイコレ,浅倉透,ソロ衣装
ドリームオブバタフライ,マイコレ,樋口円香,ソロ衣装
ワタシプリティコンフィデント,マイコレ,福丸小糸,ソロ衣装
フィジーサイダーポップ,マイコレ,市川雛菜,ソロ衣装
リヴィングフェアリー,マイコレ,七草にちか,ソロ衣装
イマースドルックアップ,マイコレ,緋田美琴,ソロ衣装
リガーズトゥアバンドーン,マイコレ,斑鳩ルカ,ソロ衣装
イミットイノセンシア,マイコレ,鈴木羽那,ソロ衣装
アンフィニィキャンバス,マイコレ,郁田はるき,ソロ衣装
フロウリッシュブルーム,我儘なまま,櫻木真乃,ソロ衣装
ピンキーマイハート,我儘なまま,月岡恋鐘,ソロ衣装
ドレープドパープル,我儘なまま,田中摩美々,ソロ衣装
ノーブルベッラ,我儘なまま,白瀬咲耶,ソロ衣装
エモーショナルレイニー,我儘なまま,三峰結華,ソロ衣装
プロミスドローズ,我儘なまま,幽谷霧子,ソロ衣装
パッショネイトボニータ,我儘なまま,小宮果穂,ソロ衣装
ヤムヤムウェイトレス,我儘なまま,園田智代子,ソロ衣装
ルリイロフレア,我儘なまま,杜野凛世,ソロ衣装
グリッターバブリー,我儘なまま,有栖川夏葉,ソロ衣装
テンダネスファッションドール,我儘なまま,大崎甜花,ソロ衣装
ウェルカムブティック,我儘なまま,桑山千雪,ソロ衣装
キープアウトバインド,我儘なまま,和泉愛依,ソロ衣装
イメイジャラブルトール,我儘なまま,浅倉透,ソロ衣装
ミニヨンプチランジュ,我儘なまま,福丸小糸,ソロ衣装
アカデミカルブルー,我儘なまま,七草にちか,ソロ衣装
ダンサブルシアー,我儘なまま,緋田美琴,ソロ衣装
ブレイキングコーション,我儘なまま,斑鳩ルカ,ソロ衣装
イノセントセーラー,その他,シャイニーカラーズ,ライブ限定
シークレットスプリング,その他,シャイニーカラーズ,ライブ限定
インフィニットキュリオシティ,その他,シャイニーカラーズ,ライブ限定
ホーリーナイトケープ,その他,シャイニーカラーズ,ライブ限定
キャンバス・ホワイト,その他,シャイニーカラーズ,ライブ限定
オーバーザプリズム,アニメ,シャイニーカラーズ,アニメ
バース オブ ウィング,その他,シャイニーカラーズ,アニメ
こどもたち,その他,シャイニーカラーズ,enza
プリュムラームインセット,その他,イルミネーションスターズ,xR
ラブユゥアイキュー,PJ: REFRAC7IONS,園田智代子,ユニット衣装
ラブユゥアイキュー,PJ: REFRAC7IONS,大崎甜花,ユニット衣装
ラブユゥアイキュー,PJ: REFRAC7IONS,黛冬優子,ユニット衣装
ラブユゥアイキュー,PJ: REFRAC7IONS,七草にちか,ユニット衣装
ラブユゥアイキュー,PJ: REFRAC7IONS,鈴木羽那,ユニット衣装
マカブルアディアコーパ,PJ: REFRAC7IONS,幽谷霧子,ユニット衣装
マカブルアディアコーパ,PJ: REFRAC7IONS,浅倉透,ユニット衣装
オーバーパワーソニックブーム,PJ: REFRAC7IONS,八宮めぐる,ユニット衣装
オーバーパワーソニックブーム,PJ: REFRAC7IONS,月岡恋鐘,ユニット衣装
オーバーパワーソニックブーム,PJ: REFRAC7IONS,小宮果穂,ユニット衣装
オーバーパワーソニックブーム,PJ: REFRAC7IONS,市川雛菜,ユニット衣装
ウアトリヴディザイア,PJ: REFRAC7IONS,田中摩美々,ユニット衣装
ウアトリヴディザイア,PJ: REFRAC7IONS,西城樹里,ユニット衣装
ウアトリヴディザイア,PJ: REFRAC7IONS,芹沢あさひ,ユニット衣装
ウアトリヴディザイア,PJ: REFRAC7IONS,樋口円香,ユニット衣装
ウアトリヴディザイア,PJ: REFRAC7IONS,緋田美琴,ユニット衣装
ウアトリヴディザイア,PJ: REFRAC7IONS,斑鳩ルカ,ユニット衣装
だからトラベラーズ,PJ: REFRAC7IONS,櫻木真乃,ユニット衣装
だからトラベラーズ,PJ: REFRAC7IONS,郁田はるき,ユニット衣装
綾羅錦繍ノ曼珠沙華,PJ: REFRAC7IONS,風野灯織,ユニット衣装
綾羅錦繍ノ曼珠沙華,PJ: REFRAC7IONS,白瀬咲耶,ユニット衣装
綾羅錦繍ノ曼珠沙華,PJ: REFRAC7IONS,有栖川夏葉,ユニット衣装
綾羅錦繍ノ曼珠沙華,PJ: REFRAC7IONS,桑山千雪,ユニット衣装
綾羅錦繍ノ曼珠沙華,PJ: REFRAC7IONS,和泉愛依,ユニット衣装
ノーワンフェイズアドーン,PJ: REFRAC7IONS,三峰結華,ユニット衣装
ノーワンフェイズアドーン,PJ: REFRAC7IONS,杜野凛世,ユニット衣装
ノーワンフェイズアドーン,PJ: REFRAC7IONS,大崎甘奈,ユニット衣装
ノーワンフェイズアドーン,PJ: REFRAC7IONS,福丸小糸,ユニット衣装
