対象公演,種別,URL
シャニマス初の対バンライブ 283PRODUCTION UNIT LIVE SETSUNA BEAT,キービジュ,https://x.com/imas_official/status/1529690155027943424?s=20
シャニマス初の対バンライブ 283PRODUCTION UNIT LIVE MUGEN BEAT,キービジュ,https://x.com/imas_official/status/1549982504257560576?s=20
5thLIVE If I_wings.,開催決定,https://x.com/imas_official/status/1584139355337420803?s=20
5thLIVE If I_wings.,キービジュ,https://x.com/shinyc_official/status/1591990713973030912?s=20
5thLIVE If I_wings.,ロゴ,https://x.com/imas_official/status/1584139355337420803?s=20
5thLIVE If I_wings.,ティザー,https://x.com/shinyc_official/status/1633063694329434117?s=20
Solo Performance LIVE 我儘なまま,開催決定,https://x.com/shinyc_official/status/1637432682861981696?s=20
Solo Performance LIVE 我儘なまま,書き下ろしイラスト,https://x.com/shinyc_official/status/1646347480894939138?s=20
Solo Performance LIVE 我儘なまま,ロゴ,https://x.com/shinyc_official/status/1637432682861981696?s=20
5.5th Anniversary LIVE 星が見上げた空,開催決定,https://x.com/shinyc_official/status/1683069153903775744?s=20
5.5th Anniversary LIVE 星が見上げた空,書き下ろしイラスト,https://x.com/imas_official/status/1684450794626744320?s=20
5.5th Anniversary LIVE 星が見上げた空,ロゴ,https://x.com/shinyc_official/status/1683069153903775744?s=20
6thLIVE TOUR Come and Unite!,開催決定,https://x.com/shinyc_official/status/1716039801261211872?s=20
6thLIVE TOUR Come and Unite!,キービジュ,https://x.com/shinyc_official/status/1727160078028189762?s=20
6thLIVE TOUR Come and Unite!,ロゴ,https://x.com/shinyc_official/status/1716039801261211872?s=20
LIVE FUN!! -Beyond the Blue sky-,開催決定,https://x.com/shinyc_official/status/1764223720611332295?s=20
LIVE FUN!! -Beyond the Blue sky-,書き下ろしイラスト,https://x.com/shinyc_official/status/1778257016848556205?s=20
6.5th Anniversary LIVE “Chapter 283”,開催決定,https://x.com/shinyc_official/status/1797968211234922819?s=20
6.5th Anniversary LIVE “Chapter 283”,書き下ろしイラスト,https://x.com/shinyc_official/status/1797968604740415956?s=20
6.5th Anniversary LIVE “Chapter 283”,キービジュ,https://x.com/shinyc_official/status/1805846852082057703?s=20
6.5th Anniversary LIVE “Chapter 283”,ロゴ,https://x.com/shinyc_official/status/1797968211234922819?s=20
6.5th Anniversary LIVE “Chapter 283”,キービジュ,https://x.com/shinyc_official/status/1805847379977060689?s=20
2nd season LIVE Over the prism,開催決定,https://x.com/shinyc_official/status/1836013602899382430?s=20
2nd season LIVE Over the prism,キービジュ,https://x.com/shinyc_official/status/1854358613864927742?s=20
7th UNITLIVE TOUR 円環 -Halo around-,開催決定,https://x.com/shinyc_official/status/1842874189302104234?s=20
7th UNITLIVE TOUR 円環 -Halo around-,書き下ろしイラスト,https://x.com/shinyc_official/status/1936688486956093488?s=20
7th UNITLIVE TOUR 円環 -Halo around-,キービジュ,https://x.com/shinyc_official/status/1896163483500314884?s=20
7th UNITLIVE TOUR 円環 -Halo around-,ロゴ,https://x.com/shinyc_official/status/1842878140542296472?s=20
7th UNITLIVE TOUR 円環 -Halo around- second quadrant,開催決定,https://x.com/shinyc_official/status/1842874189302104234?s=20
7th UNITLIVE TOUR 円環 -Halo around- second quadrant,書き下ろしイラスト,https://x.com/shinyc_official/status/1941769831172407356?s=20
7th UNITLIVE TOUR 円環 -Halo around- second quadrant,キービジュ,https://x.com/shinyc_official/status/1896163483500314884?s=20
7th UNITLIVE TOUR 円環 -Halo around- second quadrant,ロゴ,https://x.com/shinyc_official/status/1842878140542296472?s=20
7th UNITLIVE TOUR 円環 -Halo around- third quadrant,開催決定,https://x.com/shinyc_official/status/1842874189302104234?s=20
7th UNITLIVE TOUR 円環 -Halo around- third quadrant,書き下ろしイラスト,https://x.com/shinyc_official/status/1954453700849864969?s=20
7th UNITLIVE TOUR 円環 -Halo around- third quadrant,キービジュ,https://x.com/imassc_official/status/1905549708036374864?s=20
7th UNITLIVE TOUR 円環 -Halo around- third quadrant,ロゴ,https://x.com/shinyc_official/status/1842878140542296472?s=20
7th UNITLIVE TOUR 円環 -Halo around- fourth quadrant,開催決定,https://x.com/shinyc_official/status/1842874189302104234?s=20
7th UNITLIVE TOUR 円環 -Halo around- fourth quadrant,書き下ろしイラスト,https://x.com/shinyc_official/status/1972195805923873212?s=20
7th UNITLIVE TOUR 円環 -Halo around- fourth quadrant,キービジュ,https://x.com/imassc_official/status/1905549708036374864?s=20
7th UNITLIVE TOUR 円環 -Halo around- fourth quadrant,ロゴ,https://x.com/shinyc_official/status/1842878140542296472?s=20
7th LIVE TOUR 螺旋 -Halo around- “The origin on the axes”,開催決定,https://x.com/shinyc_official/status/1941815457843130677?s=20
7th LIVE TOUR 螺旋 -Halo around- “The origin on the axes”,キービジュ,https://x.com/shinyc_official/status/1941815457843130677?s=20
シャニマス大感謝祭！ 〜283スポーツフェスティバル〜,開催決定,https://x.com/shinyc_official/status/1972244387053900220?s=20
シャニマス大感謝祭！ 〜283スポーツフェスティバル〜,キービジュ,https://x.com/shinyc_official/status/1980196576577695753?s=20
シャニマス大感謝祭！ 〜283スポーツフェスティバル〜,ロゴ,https://x.com/shinyc_official/status/1972244387053900220?s=20
シャニマス大感謝祭！ 〜283スポーツフェスティバル〜,キービジュ,https://x.com/shinyc_official/status/1980196001710510265?s=20
∞th LIVE iと夢,開催決定,https://x.com/shinyc_official/status/1982426072747815107?s=20
∞th LIVE iと夢,書き下ろしイラスト,https://x.com/shinyc_official/status/1991432981823779081?s=20
∞th LIVE iと夢,キービジュ,https://x.com/shinyc_official/status/2038200030683886063?s=20
∞th LIVE iと夢,ティザー,https://x.com/shinyc_official/status/2038225156225552530?s=20
Solo Live Collection -Master ShowPiece-,開催決定,https://x.com/shinyc_official/status/2034436345171710132?s=20
Solo Live Collection -Master ShowPiece-,ロゴ,https://x.com/shinyc_official/status/2034436345171710132?s=20
Solo Live Collection -Master ShowPiece-,ティザー,https://x.com/shinyc_official/status/2034558067589906496?s=20
"shiny, the first REFRAC7IONS "" Still blue """,開催決定,https://x.com/shinyc_official/status/2048365163540295740?s=20
"shiny, the first REFRAC7IONS "" Still blue """,ロゴ,https://x.com/shinyc_official/status/2048365163540295740?s=20
