日付,公演名,会場,公演区分
2018/06/24,THE IDOLM@STER SHINY COLORS BRILLI@NT WING 01 Spread the Wings!!発売記念イベント 東京会場1回目,Space emo 池袋,発売記念イベント
2018/06/24,THE IDOLM@STER SHINY COLORS BRILLI@NT WING 01 Spread the Wings!!発売記念イベント 東京会場2回目,Space emo 池袋,発売記念イベント
2018/07/01,THE IDOLM@STER SHINY COLORS BRILLI@NT WING 01 Spread the Wings!!発売記念イベント 大阪会場1回目,OSAKA MUSE,発売記念イベント
2018/07/01,THE IDOLM@STER SHINY COLORS BRILLI@NT WING 01 Spread the Wings!!発売記念イベント 大阪会場2回目,OSAKA MUSE,発売記念イベント
2018/07/22,THE IDOLM@STER SHINY COLORS BRILLI@NT WING 02 ヒカリのdestination発売記念イベント 1回目,四谷LOTUS,発売記念イベント
2018/07/22,THE IDOLM@STER SHINY COLORS BRILLI@NT WING 02 ヒカリのdestination発売記念イベント 2回目,四谷LOTUS,発売記念イベント
2018/08/12,THE IDOLM@STER SHINY COLORS BRILLI@NT WING 03 バベルシティ・グレイス発売記念イベント 1回目,GARRET udagawa,発売記念イベント
2018/08/12,THE IDOLM@STER SHINY COLORS BRILLI@NT WING 03 バベルシティ・グレイス発売記念イベント 2回目,GARRET udagawa,発売記念イベント
2018/09/22,TGS2018「アイドルマスターシャイニーカラーズ」 トーク&ミニライブ～Light Up!!! illumination STARS～,幕張メッセ国際展示場,外部
2018/10/06,THE IDOLM@STER SHINY COLORS BRILLI@NT WING 04 夢咲きAfter school発売記念イベント 1回目,下北沢レッグ,発売記念イベント
2018/10/06,THE IDOLM@STER SHINY COLORS BRILLI@NT WING 04 夢咲きAfter school発売記念イベント 2回目,下北沢レッグ,発売記念イベント
2018/10/20,THE IDOLM@STER SHINY COLORS BRILLI@NT WING 05 アルストロメリア発売記念イベント 1回目,新宿MARZ,発売記念イベント
2018/10/20,THE IDOLM@STER SHINY COLORS BRILLI@NT WING 05 アルストロメリア発売記念イベント 2回目,新宿MARZ,発売記念イベント
2019/03/09,THE IDOLM@STER SHINY COLORS 1stLIVE FLY TO THE SHINY SKY DAY1,舞浜アンフィシアター,キャストライブ
2019/03/10,THE IDOLM@STER SHINY COLORS 1stLIVE FLY TO THE SHINY SKY DAY2 昼公演,舞浜アンフィシアター,キャストライブ
2019/03/10,THE IDOLM@STER SHINY COLORS 1stLIVE FLY TO THE SHINY SKY DAY2 夜公演,舞浜アンフィシアター,キャストライブ
2019/04/21,THE IDOLM@STER SHINY COLORS FR@GMENT WING 01発売記念イベント 【2019年4月21日(日)公演】第一回,恵比寿ザ・ガーデンルーム,発売記念イベント
2019/04/21,THE IDOLM@STER SHINY COLORS FR@GMENT WING 01発売記念イベント 【2019年4月21日(日)公演】第二回,恵比寿ザ・ガーデンルーム,発売記念イベント
2019/05/05,THE IDOLM@STER SHINY COLORS FR@GMENT WING 01発売記念イベント 【2019年5月5日(日)公演】第一回,恵比寿ザ・ガーデンルーム,発売記念イベント
2019/05/05,THE IDOLM@STER SHINY COLORS FR@GMENT WING 01発売記念イベント 【2019年5月5日(日)公演】第二回,恵比寿ザ・ガーデンルーム,発売記念イベント
2019/05/26,THE IDOLM@STER SHINY COLORS FR@GMENT WING 02発売記念イベント第一回,恵比寿ザ・ガーデンルーム,発売記念イベント
2019/05/26,THE IDOLM@STER SHINY COLORS FR@GMENT WING 02発売記念イベント第二回,恵比寿ザ・ガーデンルーム,発売記念イベント
2019/06/22, 20th Anniversary Live ランティス祭り2019 A・R・I・G・A・T・O ANISONG DAY-02,幕張メッセ国際展示場 （9-11ホール）,外部
2019/07/07,THE IDOLM@STER SHINY COLORS FR@GMENT WING 03発売記念イベント第一回,恵比寿ザ・ガーデンルーム,発売記念イベント
2019/07/07,THE IDOLM@STER SHINY COLORS FR@GMENT WING 03発売記念イベント第二回,恵比寿ザ・ガーデンルーム,発売記念イベント
2019/07/21,THE IDOLM@STER SHINY COLORS FR@GMENT WING 04発売記念イベント第一回,ニッショーホール（日本消防会館）,発売記念イベント
2019/07/21,THE IDOLM@STER SHINY COLORS FR@GMENT WING 04発売記念イベント第二回,ニッショーホール（日本消防会館）,発売記念イベント
2019/08/18,THE IDOLM@STER SHINY COLORS SUMMER PARTY 2019 昼公演,パシフィコ横浜,キャストライブ
2019/08/18,THE IDOLM@STER SHINY COLORS SUMMER PARTY 2019 夜公演,パシフィコ横浜,キャストライブ
2019/09/15,THE IDOLM@STER SHINY COLORS FR@GMENT WING 05発売記念イベント第一回,科学技術館サイエンスホール,発売記念イベント
2019/09/15,THE IDOLM@STER SHINY COLORS FR@GMENT WING 05発売記念イベント第二回,科学技術館サイエンスホール,発売記念イベント
2019/10/06,THE IDOLM@STER SHINY COLORS FR@GMENT WING 06発売記念イベント第一回,ニッショーホール（日本消防会館）,発売記念イベント
2019/10/06,THE IDOLM@STER SHINY COLORS FR@GMENT WING 06発売記念イベント第二回,ニッショーホール（日本消防会館）,発売記念イベント
2019/10/20,バンダイナムコエンターテインメントフェスティバル DAY2,東京ドーム,合同
2019/10/27,283プロダクション プロデューサー感謝祭～1.5 Anniversary Festival!!～,森のホール21(松戸市文化会館) 大ホール,キャストライブ
2020/09/24,フジテレビ『この指と～まれ！season4 TIFオンライン2020直前SP』,テレビ放送(フジテレビ本社ビル),外部
2020/10/02,TOKYO IDOL FESTIVAL オンライン 2020 Day1,オンライン,外部
2020/10/25,SONGS OF TOKYO Festival 2020 Part2,NHKホール,外部
2020/10/31,THE IDOLM@STER SHINY COLORS MUSIC DAWN DAY1,オンライン(幕張イベントホール),キャストライブ
2020/11/1,THE IDOLM@STER SHINY COLORS MUSIC DAWN DAY2,オンライン(幕張イベントホール),キャストライブ
2021/02/07,「アイドルマスター ポップリンクス」ポプマス生配信 特別版！〜みんなでPOPLINKS TUNE!!!!! SP〜,オンライン,合同
2021/03/20,THE IDOLM@STER SHINY COLORS 2ndLIVE STEP INTO THE SUNSET SKY DAY1,幕張メッセ国際展示場（1-3ホール）,キャストライブ
2021/03/21,THE IDOLM@STER SHINY COLORS 2ndLIVE STEP INTO THE SUNSET SKY DAY2,幕張メッセ国際展示場（1-3ホール）,キャストライブ
2021/04/03,THE IDOLM@STER SHINY COLORS 3rdLIVE TOUR PIECE ON PLANET / NAGOYA DAY1,日本ガイシホール,キャストライブ
2021/04/04,THE IDOLM@STER SHINY COLORS 3rdLIVE TOUR PIECE ON PLANET / NAGOYA DAY2,日本ガイシホール,キャストライブ
2021/04/24,THE IDOLM@STER SHINY COLORS 3rdLIVE TOUR PIECE ON PLANET / TOKYO DAY1,東京ガーデンシアター,キャストライブ
2021/04/25,THE IDOLM@STER SHINY COLORS 3rdLIVE TOUR PIECE ON PLANET / TOKYO DAY2,オンライン(東京ガーデンシアター),キャストライブ
2021/05/29,THE IDOLM@STER SHINY COLORS 3rdLIVE TOUR PIECE ON PLANET / FUKUOKA DAY1,西日本総合展示場 新館ABC,キャストライブ
2021/05/30,THE IDOLM@STER SHINY COLORS 3rdLIVE TOUR PIECE ON PLANET / FUKUOKA DAY2,西日本総合展示場 新館ABC,キャストライブ
2021/06/06,THE IDOLM@STER SHINY COLORS L@YERED WING 02発売記念イベント 第一回,オンライン,発売記念イベント
2021/06/06,THE IDOLM@STER SHINY COLORS L@YERED WING 02発売記念イベント 第二回,オンライン,発売記念イベント
2021/06/20,THE IDOLM@STER SHINY COLORS L@YERED WING 03発売記念イベント 第一回,オンライン,発売記念イベント
2021/06/20,THE IDOLM@STER SHINY COLORS L@YERED WING 03発売記念イベント 第二回,オンライン,発売記念イベント
2021/07/07, 「Bilibili World2021上海×日本特設会場」アイドルマスター特別ステージ,オンライン,合同
2021/07/25,THE IDOLM@STER SHINY COLORS L@YERED WING 04発売記念イベント 第一回,オンライン,発売記念イベント
2021/07/25,THE IDOLM@STER SHINY COLORS L@YERED WING 04発売記念イベント 第二回,オンライン,発売記念イベント
2021/09/19,THE IDOLM@STER SHINY COLORS L@YERED WING 05発売記念イベント 第一回,オンライン,発売記念イベント
2021/09/19,THE IDOLM@STER SHINY COLORS L@YERED WING 05発売記念イベント 第二回,オンライン,発売記念イベント
2021/10/11,スタマス発売直前！アイドルマスター スターリットシーズン　スペシャルトーク＆ステージ,未来研スタジオ,合同
2021/10/23,THE IDOLM@STER SHINY COLORS 283フェス 2021 Happy Buffet! DAY1,オンライン(未来研スタジオ),キャストライブ
2021/10/24,THE IDOLM@STER SHINY COLORS 283フェス 2021 Happy Buffet! DAY2,オンライン(未来研スタジオ),キャストライブ
2021/10/31,THE IDOLM@STER SHINY COLORS L@YERED WING 06発売記念イベント 第一回,オンライン,発売記念イベント
2021/10/31,THE IDOLM@STER SHINY COLORS L@YERED WING 06発売記念イベント 第二回,オンライン,発売記念イベント
2021/10/31,THE IDOLM@STER SHINY COLORS L@YERED WING 07発売記念イベント 第一回,ニッショーホール（日本消防会館）,発売記念イベント
2021/10/31,THE IDOLM@STER SHINY COLORS L@YERED WING 07発売記念イベント 第二回,ニッショーホール（日本消防会館）,発売記念イベント
2021/12/04,THE IDOLM@STER SHINY COLORS L@YERED WING 08発売記念イベント 第一回,ニッショーホール（日本消防会館）,発売記念イベント
2021/12/04,THE IDOLM@STER SHINY COLORS L@YERED WING 08発売記念イベント 第二回,ニッショーホール（日本消防会館）,発売記念イベント
2021/12/18,THE IDOLM@STER SHINY COLORS Xmas Party -Silent night- DAY1,両国国技館,キャストライブ
2021/12/19,THE IDOLM@STER SHINY COLORS Xmas Party -Silent night- DAY2,両国国技館,キャストライブ
2022/04/23,THE IDOLM@STER SHINY COLORS 4thLIVE 空は澄み、今を越えて。 DAY1,幕張メッセ国際展示場（1-3ホール）,キャストライブ
2022/04/24,THE IDOLM@STER SHINY COLORS 4thLIVE 空は澄み、今を越えて。 DAY2,幕張メッセ国際展示場（1-3ホール）,キャストライブ
2022/05/15,バンダイナムコエンターテインメントフェスティバル 2nd DAY2,ZOZOマリンスタジアム,合同
2022/07/03, xR ARTISTS SUPER FES 2022 DAY2,オンライン,外部
2022/08/06, TOKYO IDOL FESTIVAL 2022 08.06 sat supported by にしたんクリニック,お台場・青海周辺エリア,外部
2022/08/13,シャニマス初の対バンライブ 283PRODUCTION UNIT LIVE SETSUNA BEAT DAY1,東京ガーデンシアター,キャストライブ
2022/08/14,シャニマス初の対バンライブ 283PRODUCTION UNIT LIVE SETSUNA BEAT DAY2,東京ガーデンシアター,キャストライブ
2022/09/17,CDTVライブ！ライブ！フェスティバル DAY1,東京ガーデンシアター,外部
2022/10/22,シャニマス初の対バンライブ 283PRODUCTION UNIT LIVE MUGEN BEAT DAY1,武蔵野の森総合スポーツプラザ （メインアリーナ）,キャストライブ
2022/10/23,シャニマス初の対バンライブ 283PRODUCTION UNIT LIVE MUGEN BEAT DAY2,武蔵野の森総合スポーツプラザ （メインアリーナ）,キャストライブ
2022/11/12,THE IDOLM@STER ORCHESTRA CONCERT 〜SYMPHONY OF FIVE STARS!!!!! 〜 DAY1,幕張イベントホール,XR
2022/12/10,京 Premium Live 2022 12月10日(土),ロームシアター京都 メインホール,外部
2023/01/28,リスアニ！LIVE 2023 SATURDAY STAGE,日本武道館,外部
2023/01/29,THE IDOLM@STER SHINY COLORS PANOR@MA WINGシリーズ完走記念イベント 第一回,カルッツかわさき,発売記念イベント
2023/01/29,THE IDOLM@STER SHINY COLORS PANOR@MA WINGシリーズ完走記念イベント 第二回,カルッツかわさき,発売記念イベント
2023/02/11, THE IDOLM@STER M@STERS OF IDOL WORLD!!!!! 2023 DAY1,東京ドーム,合同
2023/02/12, THE IDOLM@STER M@STERS OF IDOL WORLD!!!!! 2023 DAY2,東京ドーム,合同
2023/03/18,THE IDOLM@STER SHINY COLORS 5thLIVE If I_wings. DAY1,国立代々木競技場 第一体育館,キャストライブ
2023/03/19,THE IDOLM@STER SHINY COLORS 5thLIVE If I_wings. DAY2,国立代々木競技場 第一体育館,キャストライブ
2023/04/29, アイドルマスター シャイニーカラーズ 新作ゲーム制作発表会,神田スクエアホール,単独
2023/07/22,283PRODUCTION SOLO PERFORMANCE LIVE「我儘なまま」 DAY1,武蔵野の森総合スポーツプラザ （メインアリーナ）,キャストライブ
2023/07/23,283PRODUCTION SOLO PERFORMANCE LIVE「我儘なまま」 DAY2,武蔵野の森総合スポーツプラザ （メインアリーナ）,キャストライブ
2023/08/20,THE IDOLM@STER SHINY COLORS “CANVAS” 01〜04発売記念イベント 第一回,ニューピアホール,発売記念イベント
2023/08/20,THE IDOLM@STER SHINY COLORS “CANVAS” 01〜04発売記念イベント 第二回,ニューピアホール,発売記念イベント
2023/10/06,THE IDOLM@STER SHINY COLORS 5.5th Anniversary LIVE 星が見上げた空 開催直前スペシャル配信,オンライン(未来研スタジオ),単独
2023/10/21,THE IDOLM@STER SHINY COLORS 5.5th Anniversary LIVE 星が見上げた空 DAY1,幕張イベントホール,キャストライブ
2023/10/22,THE IDOLM@STER SHINY COLORS 5.5th Anniversary LIVE 星が見上げた空 DAY2,幕張イベントホール,キャストライブ
2023/12/08,異次元フェス開催記念音楽番組　MUSIC BIGBANG！,オンライン,XR
2023/12/09,異次元フェス アイドルマスター★♥︎ラブライブ！歌合戦 DAY1,東京ドーム,合同
2023/12/10,異次元フェス アイドルマスター★♥︎ラブライブ！歌合戦 DAY2,東京ドーム,合同
2024/01/21,THE IDOLM@STER SHINY COLORS “CANVAS” 05〜08発売記念イベント 第一回,ニューピアホール,発売記念イベント
2024/01/21,THE IDOLM@STER SHINY COLORS “CANVAS” 05〜08発売記念イベント 第二回,ニューピアホール,発売記念イベント
2024/01/27, リスアニ！LIVE 2024 SATURDAY STAGE,日本武道館,外部
2024/01/28,リスアニ！LIVE 2024 SUNDAY STAGE,日本武道館,外部
2024/03/02,THE IDOLM@STER SHINY COLORS 6thLIVE TOUR Come and Unite! Brilliant Blooms DAY1,大阪城ホール,キャストライブ
2024/03/03,THE IDOLM@STER SHINY COLORS 6thLIVE TOUR Come and Unite! Brilliant Blooms DAY2,大阪城ホール,キャストライブ
2024/04/20,THE IDOLM@STER SHINY COLORS 6thLIVE TOUR Come and Unite! Fantastic Fireworks DAY1,Kアリーナ横浜,キャストライブ
2024/04/21,THE IDOLM@STER SHINY COLORS 6thLIVE TOUR Come and Unite! Fantastic Fireworks DAY2,Kアリーナ横浜,キャストライブ
2024/07/27,THE IDOLM@STER SHINY COLORS LIVE FUN!! -Beyond the Blue sky- DAY1,横浜アリーナ,キャストライブ
2024/07/28,THE IDOLM@STER SHINY COLORS LIVE FUN!! -Beyond the Blue sky- DAY2,横浜アリーナ,キャストライブ
2024/08/04,TOKYO IDOL FESTIVAL 2024 08.04 sun supported by にしたんクリニック,お台場・青海周辺エリア,外部
2024/08/11,THE IDOLM@STER SHINY COLORS ECHOES 02発売記念イベント 第一回,日経ホール,発売記念イベント
2024/08/11,THE IDOLM@STER SHINY COLORS ECHOES 02発売記念イベント 第二回,日経ホール,発売記念イベント
2024/08/24,KIMCHIKURA Fes VOL.03 with ILLUSTAR,COEX SHINHAN ARTIUM,外部
2024/08/31,283 PRODUCTION MUSIC SCENE,オンライン,XR
2024/09/01, Animelo Summer Live 2024 -Stargazer- DAY3,さいたまスーパーアリーナ,外部
2024/09/09,JOYNT POPS ＃１ 公開収録,NHKホール,外部
2024/10/05,"THE IDOLM@STER SHINY COLORS 6.5th Anniversary LIVE ""Chapter 283"" DAY1",武蔵野の森総合スポーツプラザ （メインアリーナ）,キャストライブ
2024/10/06,"THE IDOLM@STER SHINY COLORS 6.5th Anniversary LIVE ""Chapter 283"" DAY2",武蔵野の森総合スポーツプラザ （メインアリーナ）,キャストライブ
2024/10/20,THE IDOLM@STER SHINY COLORS Song for Prism Happier / 枕木の歌 / 時限式狂騒ワンダーランド / LINKs連動発売記念イベント 第一回,ニッショーホール（日本消防会館）,発売記念イベント
2024/10/20,THE IDOLM@STER SHINY COLORS Song for Prism Happier / 枕木の歌 / 時限式狂騒ワンダーランド / LINKs連動発売記念イベント 第二回,ニッショーホール（日本消防会館）,発売記念イベント
2024/10/27,THE IDOLM@STER SHINY COLORS ECHOES 03発売記念イベント 第一回,ニューピアホール,発売記念イベント
2024/10/27,THE IDOLM@STER SHINY COLORS ECHOES 03発売記念イベント 第二回,ニューピアホール,発売記念イベント
2024/11/17,THE IDOLM@STER SHINY COLORS ECHOES 04発売記念イベント 第一回,一ツ橋ホール,発売記念イベント
2024/11/17,THE IDOLM@STER SHINY COLORS ECHOES 04発売記念イベント 第二回,一ツ橋ホール,発売記念イベント
2024/11/30,THE IDOLM@STER SHINY COLORS ECHOES 06発売記念イベント 第一回,一ツ橋ホール,発売記念イベント
2024/11/30,THE IDOLM@STER SHINY COLORS ECHOES 06発売記念イベント 第二回,一ツ橋ホール,発売記念イベント
2024/12/14, M@STER EXPO LIVE SHOWCASE { “THE CUBE” ( 1535114 ) },幕張メッセ国際展示場 （3ホール）,XR
2024/12/15,M@STER EXPO LIVE SHOWCASE { “THE CUBE” ( 6151851920 ) },幕張メッセ国際展示場 （3ホール）,XR
2025/01/11,283 Production LIVE Performance [liminal;marginal;eternal] [never;1],立川ステージガーデン,XR
2025/01/11,283 Production LIVE Performance [liminal;marginal;eternal] [odd;2],立川ステージガーデン,XR
2025/01/12,283 Production LIVE Performance [liminal;marginal;eternal] [or;3],立川ステージガーデン,XR
2025/01/12,283 Production LIVE Performance [liminal;marginal;eternal] [even;4],立川ステージガーデン,XR
2025/01/18,THE IDOLM@STER SHINY COLORS ECHOES 05発売記念イベント 第一回,立川ステージガーデン,発売記念イベント
2025/01/18,THE IDOLM@STER SHINY COLORS ECHOES 05発売記念イベント 第二回,ニューピアホール,発売記念イベント
2025/01/19,THE IDOLM@STER SHINY COLORS ECHOES 07発売記念イベント 第一回,ニューピアホール,発売記念イベント
2025/01/19,THE IDOLM@STER SHINY COLORS ECHOES 07発売記念イベント 第二回,ニューピアホール,発売記念イベント
2025/01/25,リスアニ！LIVE 2025 SATURDAY STAGE,日本武道館,外部
2025/01/26,リスアニ！LIVE 2025 リスアニ！LIVE 2025 SUNDAY STAGE,日本武道館,外部
2025/02/01,THE IDOLM@STER SHINY COLORS ECHOES 01発売記念イベント 第一回,ニューピアホール,発売記念イベント
2025/02/01,THE IDOLM@STER SHINY COLORS ECHOES 01発売記念イベント 第二回,ニューピアホール,発売記念イベント
2025/02/02,THE IDOLM@STER SHINY COLORS ECHOES 08発売記念イベント 第一回,ニッショーホール（日本消防会館）,発売記念イベント
2025/02/02,THE IDOLM@STER SHINY COLORS ECHOES 08発売記念イベント 第二回,ニッショーホール（日本消防会館）,発売記念イベント
2025/03/01,THE IDOLM@STER SHINY COLORS 2nd season LIVE Over the prism DAY1,ぴあアリーナMM,キャストライブ
2025/03/02,THE IDOLM@STER SHINY COLORS 2nd season LIVE Over the prism DAY2,ぴあアリーナMM,キャストライブ
2025/03/12,MUSIC SCENE SPECIAL LIVE,オンライン,XR
2025/04/12,THE IDOLM@STER SHINY COLORS Song for Prism 裸足じゃイラレナイ / 明日もBeautiful Day / ハナムケのハナタバ / 青空連動発売記念イベント 第一回,ニューピアホール,発売記念イベント
2025/04/12,THE IDOLM@STER SHINY COLORS Song for Prism 裸足じゃイラレナイ / 明日もBeautiful Day / ハナムケのハナタバ / 青空連動発売記念イベント 第二回,ニューピアホール,発売記念イベント
2025/05/10,"283 Production LIVE Performance Uka, Larva,1",オリックス劇場,XR
2025/05/11,"283 Production LIVE Performance Uka, Pupa,2",オリックス劇場,XR
2025/05/11,"283 Production LIVE Performance Uka, Imago,3",オリックス劇場,XR
2025/06/21,THE IDOLM@STER SHINY COLORS 7th UNITLIVE TOUR 円環 -Halo around- first quadrant DAY1,福岡国際センター,キャストライブ
2025/06/22,THE IDOLM@STER SHINY COLORS 7th UNITLIVE TOUR 円環 -Halo around- first quadrant DAY2,福岡国際センター,キャストライブ
2025/07/05,THE IDOLM@STER SHINY COLORS 7th UNITLIVE TOUR 円環 -Halo around- second quadrant DAY1,横浜BUNTAI,キャストライブ
2025/07/06,THE IDOLM@STER SHINY COLORS 7th UNITLIVE TOUR 円環 -Halo around- second quadrant DAY2,横浜BUNTAI,キャストライブ
2025/07/11,BILIBILI MACRO LINK 2025 DAY1,上海国家会展中心・虹館EH,外部
2025/07/11,BILIBILI MACRO LINK 2025,上海国家会展中心・虹館EH,外部
2025/07/11,THE IDOLM@STER 20th anniversary ORCHESTRA CONCERT SYMPHONY OF BRILLIANT STARS 夜公演,パシフィコ横浜,XR
2025/07/13,THE IDOLM@STER SHINY COLORS -Shiny Party- in Shanghai 2025 昼公演,瓦肆VAS est,外部
2025/07/13,THE IDOLM@STER SHINY COLORS -Shiny Party- in Shanghai 2025 夜公演,瓦肆VAS est,外部
2025/07/26,THE IDOLM@STER 20th anniversary special party アイ MUST GO ON!! これからもアイマスですよ！ 20th特別生配信イベント,森のホール21(松戸市文化会館) 大ホール,合同
2025/08/09,THE IDOLM@STER SHINY COLORS 7th UNITLIVE TOUR 円環 -Halo around- third quadrant DAY1,Aichi Sky Expo,キャストライブ
2025/08/10,THE IDOLM@STER SHINY COLORS 7th UNITLIVE TOUR 円環 -Halo around- third quadrant DAY2,Aichi Sky Expo,キャストライブ
2025/08/23,KIMCHIKURA Fes VOL.4,YES24 LIVE HALL,外部
2025/09/14,ナガノアニエラフェスタ2025 DAY2,駒場公園 テンペストステージ,外部
2025/09/27,THE IDOLM@STER SHINY COLORS 7th UNITLIVE TOUR 円環 -Halo around- fourth quadrant DAY1,盛運輸アリーナ,キャストライブ
2025/09/28,THE IDOLM@STER SHINY COLORS 7th UNITLIVE TOUR 円環 -Halo around- fourth quadrant DAY2,盛運輸アリーナ,キャストライブ
2025/10/03,「IDO ACG EXPO 51st」THE IDOLM@STER SHINY COLORS -Shiny Stage- in Beijing IDO,北京展覧館,外部
2025/10/25,"THE IDOLM@STER SHINY COLORS 7th LIVE TOUR 螺旋 -Halo around- ""The origin on the axes"" DAY1",Kアリーナ横浜,キャストライブ
2025/10/26,"THE IDOLM@STER SHINY COLORS 7th LIVE TOUR 螺旋 -Halo around- ""The origin on the axes"" DAY2",Kアリーナ横浜,キャストライブ
2025/11/15,ACG Matsuri 2025 SE,LaLaport BBCC,外部
2025/12/13, THE IDOLM@STER M@STERS OF IDOL WORLD 2025 DAY1,京セラドーム大阪,合同
2025/12/14, THE IDOLM@STER M@STERS OF IDOL WORLD 2025 DAY2,京セラドーム大阪,合同
2025/12/27,283 Production MUSICAL Performance 騎士団のヴェール – Veil of Order – – Abnegatio (I) –,Niterra日本特殊陶業市民会館 フォレストホール,XR
2025/12/28, 283 Production MUSICAL Performance 騎士団のヴェール – Veil of Order – – Odium (II) –,Niterra日本特殊陶業市民会館 フォレストホール,XR
2025/12/28,283 Production MUSICAL Performance 騎士団のヴェール – Veil of Order – – Cupiditas (III) –,Niterra日本特殊陶業市民会館 フォレストホール,XR
2026/01/31,リスアニ！LIVE 2026 SATURDAY STAGE,幕張メッセ イベントホール,外部
2026/02/14,THE IDOLM@STER SHINY COLORS シャニマス大感謝祭！ 〜283スポーツフェスティバル〜 DAY1,京王アリーナTOKYO,キャストライブ
2026/02/15,THE IDOLM@STER SHINY COLORS シャニマス大感謝祭！ 〜283スポーツフェスティバル〜 DAY2,京王アリーナTOKYO,キャストライブ
2026/04/11,283 Production XXXX Performance XXX= S/N-GUL4R1TY // 0x01; initialize(),幕張イベントホール,XR
2026/04/12,283 Production XXXX Performance XXX= S/N-GUL4R1TY // 0x02; evolve(),幕張イベントホール,XR
2026/04/12,283 Production XXXX Performance XXX= S/N-GUL4R1TY // 0x03; overflow(),幕張イベントホール,XR
2026/04/25,THE IDOLM@STER SHINY COLORS ∞th LIVE iと夢 DAY1,Kアリーナ横浜,キャストライブ
2026/04/26,THE IDOLM@STER SHINY COLORS ∞th LIVE iと夢 DAY2,Kアリーナ横浜,キャストライブ
2026/05/30,SHIGURE UI Birthday Live “Wishing Umbrella”,Kアリーナ横浜,外部
2026/06/09, MUSIC AWARDS JAPAN WEEK SPECIAL LIVE リスアニ！LIVE on TOKYO ANIME MUSIC HIGHLIGHTS,TOYOTA ARENA TOKYO,外部
2026/06/21,THE IDOLM@STER SHINY COLORS Song for Prism カウントダウンラブ / KAWAII♡めたもる交響曲発売記念イベント　第一回,イイノホール＆カンファレンスセンター,発売記念イベント
2026/06/21,THE IDOLM@STER SHINY COLORS Song for Prism カウントダウンラブ / KAWAII♡めたもる交響曲発売記念イベント　第二回,イイノホール＆カンファレンスセンター,発売記念イベント
2026/07/12,Animelo Summer Live 2026 -Messenger- DAY3,幕張メッセ国際展示場（4-6ホール）,外部
2026/07/19,Shibuya LOVEZ OPENING SERIES 「Lantis DAYZ」DAY2,Shibuya LOVEZ,外部
2026/07/24,IDOL WORLD SUPER FESTIVAL 2026 -YAKUDOU-,京王アリーナTOKYO,XR|合同
2026/07/25,IDOL WORLD SUPER FESTIVAL 2026 -ZESSYOU-,京王アリーナTOKYO,XR|合同
2026/07/26,IDOL WORLD SUPER FESTIVAL 2026 -KYOUMEI-,京王アリーナTOKYO,XR|合同
