対象名,カテゴリ,価格種別,価格,日付
BRILLI@NT WING 01,CD,通常盤,1430,
BRILLI@NT WING 02～05,CD,通常盤,1980,
FR@GMENT WING 01,CD,通常盤,1430,
FR@GMENT WING 02～06,CD,通常盤,1980,
GR@DATE WING 01,CD,通常盤,3080,
GR@DATE WING 02～07,CD,通常盤,1980,
L@YERED WING 01,CD,通常盤,1430,
L@YERED WING 02～08,CD,通常盤,1980,
PANOR@MA WING 01,CD,通常盤,1430,
PANOR@MA WING 02～08,CD,通常盤,1980,
CANVAS 01～08,CD,通常盤,2090,
ECHOES 01～08,CD,通常盤,2200,
ECHOES 09,CD,通常盤,2750,
円環 -Halo around-,CD,通常盤,2420,
Song for Prism ①全体,CD,通常盤,1760,
Song for Prism ①,CD,通常盤,1760,
Song for Prism ②,CD,通常盤,1760,
Song for Prism ②全体,CD,通常盤,2750,
Song for Prism ③,CD,通常盤,3300,
Song for Prism ③全体,CD,通常盤,2750,
Song for Prism リフラク,CD,通常盤,1980,
SE@SONAL WINTER,CD,通常盤,1430,
COLORFUL FE@THERS,CD,通常盤,2750,
COLORFUL FE@THERS シーズ,CD,通常盤,1650,
COLORFUL FE@THERS コメ,CD,通常盤,2420,
HOPEFUL FE@THERS -Stella-,CD,通常盤,3960,
HOPEFUL FE@THERS -Luna-,CD,通常盤,3960,
HOPEFUL FE@THERS -Sol-,CD,通常盤,3960,
Synse-Side 01～03,CD,通常盤,1980,
OFF VOCAL COLLECTION 01,CD,通常盤,3960,
OFF VOCAL COLLECTION 02,CD,通常盤,3080,
WING COLLECTION,CD,通常盤,4180,
28 colors- COLLECTION 【数量限定盤】,CD,数量限定盤,5830,
28 colors- COLLECTION 【通常盤】,CD,通常盤,3850,
ツバサグラビティ,CD,通常盤,1980,
プリズムフレア,CD,通常盤,2200,
Happy Surprise Trick!,CD,通常盤,3850,
Over the prism,CD,初回限定盤,6820,
Over the prism,CD,通常盤,4400,
FUTURITY SMILE,CD,通常盤,1430,
SWEET♡STEP,CD,通常盤,1430,
乱舞る / 疾風ザブングル,CD,初回限定盤,3850,
乱舞る / 疾風ザブングル,CD,通常盤,1760,
騎士団のヴェール – Veil of Order – Music Collection,CD,初回限定盤,6600,
騎士団のヴェール – Veil of Order – Music Collection,CD,通常盤,3300,
XXX= S/N-GUL4R1TY MUSIC COLLECTION,CD,初回限定盤,3300,
XXX= S/N-GUL4R1TY MUSIC COLLECTION,CD,通常盤,1760,
1stLIVE FLY TO THE SHINY SKY,ソロコレクション,通常盤,3056,
SUMMER PARTY 2019,ソロコレクション,通常盤,3056,
SPRING PARTY 2020,ソロコレクション,通常盤,3500,
2ndLIVE STEP INTO THE SUNSET SKY,ソロコレクション,通常盤,3500,
MUSIC DAWN,ソロコレクション,通常盤,2500,
3rdLIVE TOUR PIECE ON PLANET / TOKYO,ソロコレクション,通常盤,3500,
3rdLIVE TOUR PIECE ON PLANET / FUKUOKA,ソロコレクション,通常盤,3500,
L@YERED WING part 1,ソロコレクション,通常盤,3500,
L@YERED WING part 2,ソロコレクション,通常盤,3500,
M@STERS OF IDOL WORLD!!!!! 2023,ソロコレクション,通常盤,3500,
5thLIVE If I_wings. part1,ソロコレクション,通常盤,3500,
5thLIVE If I_wings. Part2,ソロコレクション,通常盤,3500,
SOLO PERFORMANCE LIVE 我儘なまま Stella,ソロコレクション,通常盤,2200,
SOLO PERFORMANCE LIVE 我儘なまま Luna,ソロコレクション,通常盤,2200,
SOLO PERFORMANCE LIVE 我儘なまま Sol,ソロコレクション,通常盤,2200,
6thLIVE TOUR Come and Unite! part1,ソロコレクション,通常盤,3960,
6thLIVE TOUR Come and Unite! part2,ソロコレクション,通常盤,3960,
6thLIVE TOUR Come and Unite! part3,ソロコレクション,通常盤,3960,
Beyond the Blue sky part1,ソロコレクション,通常盤,3080,
Beyond the Blue sky part2,ソロコレクション,通常盤,3080,
6.5th Anniversary LIVE Chapter 283,ソロコレクション,通常盤,3960,
2nd season LIVE Over the prism part1,ソロコレクション,通常盤,3500,
2nd season LIVE Over the prism part2,ソロコレクション,通常盤,3500,
2nd season LIVE Over the prism part3,ソロコレクション,通常盤,3500,
2nd season LIVE Over the prism part4,ソロコレクション,通常盤,3500,
7th UNITLIVE TOUR 円環 -Halo around- part1,ソロコレクション,通常盤,3960,
7th UNITLIVE TOUR 円環 -Halo around- part2,ソロコレクション,通常盤,3960,
7th UNITLIVE TOUR 円環 -Halo around- part3,ソロコレクション,通常盤,3960,
7th LIVE TOUR 螺旋 -Halo around- The origin on the axes,ソロコレクション,通常盤,3960,
M@STERS OF IDOL WORLD 2025 part1,ソロコレクション,通常盤,3960,
M@STERS OF IDOL WORLD 2025 part2,ソロコレクション,通常盤,3850,
シャニマス大感謝祭！ 〜283スポーツフェスティバル〜 part1,ソロコレクション,通常盤,3960,
シャニマス大感謝祭！ 〜283スポーツフェスティバル〜 part2,ソロコレクション,通常盤,3960,
∞th LIVE iと夢 part1,ソロコレクション,通常盤,3960,
∞th LIVE iと夢 part2,ソロコレクション,通常盤,3960,
1stLIVE FLY TO THE SHINY SKY,Blu-ray,アソビストア特装版,21780,
1stLIVE FLY TO THE SHINY SKY,Blu-ray,初回限定版,15400,
MUSIC DAWN,Blu-ray,アソビストア特装版,29900,
MUSIC DAWN,Blu-ray,初回限定版,27500,
MUSIC DAWN,Blu-ray,通常版,8800,
2ndLIVE STEP INTO THE SUNSET SKY,Blu-ray,アソビストア特装版,32450,
2ndLIVE STEP INTO THE SUNSET SKY,Blu-ray,初回限定版,27500,
2ndLIVE STEP INTO THE SUNSET SKY,Blu-ray,通常版,8800,
3rdLIVE TOUR PIECE ON PLANET,Blu-ray,アソビストア特装版,31900,
3rdLIVE TOUR PIECE ON PLANET,Blu-ray,初回限定版,18150,
4thLIVE 空は澄み、今を越えて。,Blu-ray,アソビストア特装版,30800,
4thLIVE 空は澄み、今を越えて。,Blu-ray,初回限定版,27500,
4thLIVE 空は澄み、今を越えて。,Blu-ray,通常版,8800,
5thLIVE If I_wings.,Blu-ray,アソビストア特装版,35200,
5thLIVE If I_wings.,Blu-ray,初回限定版,27500,
5thLIVE If I_wings.,Blu-ray,通常版,8800,
6thLIVE TOUR Come and Unite!,Blu-ray,アソビストア特装版,51700,
6thLIVE TOUR Come and Unite!,Blu-ray,初回限定版,44000,
6thLIVE TOUR Come and Unite!,Blu-ray,通常版,17600,
6.5th Anniversary LIVE Chapter 283,Blu-ray,アソビストア特装版,33000,
6.5th Anniversary LIVE Chapter 283,Blu-ray,初回限定版,27500,
6.5th Anniversary LIVE Chapter 283,Blu-ray,通常版,9900,
2nd season LIVE Over the prism,Blu-ray,アソビストア特装版,38500,
2nd season LIVE Over the prism,Blu-ray,初回限定版,35200,
2nd season LIVE Over the prism,Blu-ray,通常版,9900,
7th LIVE TOUR 螺旋 -Halo around- The origin on the axes,Blu-ray,アソビストア特装版,77000,
7th LIVE TOUR 螺旋 -Halo around- The origin on the axes,Blu-ray,初回限定版,66000,
7th LIVE TOUR 螺旋 -Halo around- The origin on the axes,Blu-ray,通常版,22000,
1stLIVE FLY TO THE SHINY SKY,ライブチケット,全席指定,8500,
1stLIVE FLY TO THE SHINY SKY,ライブチケット,配信,3900,
SUMMER PARTY 2019,ライブチケット,全席指定,7200,
SUMMER PARTY 2019,ライブチケット,配信,3500,
SPRING PARTY 2020,ライブチケット,全席指定,7800,
SPRING PARTY 2020,ライブチケット,配信,3800,
MUSIC DAWN,ライブチケット,配信,3900,
2ndLIVE STEP INTO THE SUNSET SKY,ライブチケット,全席指定,9900,
2ndLIVE STEP INTO THE SUNSET SKY,ライブチケット,配信,4800,
3rdLIVE TOUR PIECE ON PLANET,ライブチケット,全席指定,9900,
3rdLIVE TOUR PIECE ON PLANET,ライブチケット,配信,4800,
283フェス 2021 Happy Buffet!,ライブチケット,ライブビューイング,5000,
283フェス 2021 Happy Buffet!,ライブチケット,配信,2500,
Xmas Party -Silent night-,ライブチケット,全席指定,8800,
Xmas Party -Silent night-,ライブチケット,配信,4200,
4thLIVE 空は澄み、今を越えて。,ライブチケット,全席指定,10000,
4thLIVE 空は澄み、今を越えて。,ライブチケット,配信,5000,
283PRODUCTION UNIT LIVE SETSUNA BEAT,ライブチケット,全席指定,9900,
283PRODUCTION UNIT LIVE SETSUNA BEAT,ライブチケット,見切れ席,9400,
283PRODUCTION UNIT LIVE SETSUNA BEAT,ライブチケット,配信,4950,
283PRODUCTION UNIT LIVE MUGEN BEAT,ライブチケット,全席指定,10500,
283PRODUCTION UNIT LIVE MUGEN BEAT,ライブチケット,配信,5250,
5thLIVE If I_wings.,ライブチケット,全席指定,12500,
5thLIVE If I_wings.,ライブチケット,見切れ席,12000,
5thLIVE If I_wings.,ライブチケット,配信,6250,
283PRODUCTION SOLO PERFORMANCE LIVE「我儘なまま」,ライブチケット,全席指定,12000,
283PRODUCTION SOLO PERFORMANCE LIVE「我儘なまま」,ライブチケット,立見指定,11500,
283PRODUCTION SOLO PERFORMANCE LIVE「我儘なまま」,ライブチケット,見切れ席,11500,
283PRODUCTION SOLO PERFORMANCE LIVE「我儘なまま」,ライブチケット,配信,6000,
5.5th Anniversary LIVE 星が見上げた空,ライブチケット,全席指定,12500,
5.5th Anniversary LIVE 星が見上げた空,ライブチケット,配信,6000,
6thLIVE TOUR Come and Unite! Brilliant Blooms,ライブチケット,全席指定,13000,
6thLIVE TOUR Come and Unite! Brilliant Blooms,ライブチケット,立見指定,12500,
6thLIVE TOUR Come and Unite! Brilliant Blooms,ライブチケット,見切れ席,12500,
6thLIVE TOUR Come and Unite! Brilliant Blooms,ライブチケット,配信,6500,
6thLIVE TOUR Come and Unite! Fantastic Fireworks,ライブチケット,全席指定,13000,
6thLIVE TOUR Come and Unite! Fantastic Fireworks,ライブチケット,SPラウンジ席,55000,
6thLIVE TOUR Come and Unite! Fantastic Fireworks,ライブチケット,バルコニー席,15000,
6thLIVE TOUR Come and Unite! Fantastic Fireworks,ライブチケット,配信,6500,
LIVE FUN!! -Beyond the Blue sky-,ライブチケット,全席指定,13000,
LIVE FUN!! -Beyond the Blue sky-,ライブチケット,立見指定,12500,
LIVE FUN!! -Beyond the Blue sky-,ライブチケット,ティーン割,9500,
LIVE FUN!! -Beyond the Blue sky-,ライブチケット,配信,6500,
6.5th Anniversary LIVE Chapter 283,ライブチケット,全席指定,14000,
6.5th Anniversary LIVE Chapter 283,ライブチケット,立見指定,13500,
6.5th Anniversary LIVE Chapter 283,ライブチケット,見切れ席,13500,
6.5th Anniversary LIVE Chapter 283,ライブチケット,配信,6500,
2nd season LIVE Over the prism,ライブチケット,全席指定,14000,
2nd season LIVE Over the prism,ライブチケット,立見指定,13500,
2nd season LIVE Over the prism,ライブチケット,配信,6500,
7th UNITLIVE TOUR 円環 -Halo around-,ライブチケット,全席指定,12000,
7th UNITLIVE TOUR 円環 -Halo around-,ライブチケット,配信,6500,
7th LIVE TOUR 螺旋 -Halo around- The origin on the axes,ライブチケット,全席指定,14000,
7th LIVE TOUR 螺旋 -Halo around- The origin on the axes,ライブチケット,SPラウンジ席,70000,
7th LIVE TOUR 螺旋 -Halo around- The origin on the axes,ライブチケット,バルコニー席,17000,
7th LIVE TOUR 螺旋 -Halo around- The origin on the axes,ライブチケット,配信,7000,
シャニマス大感謝祭！〜283スポーツフェスティバル〜,ライブチケット,全席指定,12000,
シャニマス大感謝祭！〜283スポーツフェスティバル〜,ライブチケット,応援プロデューサーシート,20000,
シャニマス大感謝祭！〜283スポーツフェスティバル〜,ライブチケット,配信,2830,
∞th LIVE iと夢,ライブチケット,全席指定,14000,
∞th LIVE iと夢,ライブチケット,SPラウンジ席,70000,
∞th LIVE iと夢,ライブチケット,バルコニー席,17000,
∞th LIVE iと夢,ライブチケット,配信,7000,
283 Production LIVE Performance [liminal;marginal;eternal],xRライブ,特典付き現地+xRストリーミング,15000,
283 Production LIVE Performance [liminal;marginal;eternal],xRライブ,全席指定,9800,
283 Production LIVE Performance [liminal;marginal;eternal],xRライブ,配信,4500,
283 Production LIVE Performance Uka,xRライブ,特典付き現地+xRストリーミング,15000,
283 Production LIVE Performance Uka,xRライブ,全席指定,9800,
283 Production LIVE Performance Uka,xRライブ,配信,4500,
283 Production MUSICAL Performance 騎士団のヴェール – Veil of Order –,xRライブ,特典付き現地+xRストリーミング,20000,
283 Production MUSICAL Performance 騎士団のヴェール – Veil of Order –,xRライブ,全席指定,9800,
283 Production MUSICAL Performance 騎士団のヴェール – Veil of Order –,xRライブ,配信,5500,
283 Production XXXX Performance XXX= S/N-GUL4R1TY,xRライブ,3公演通し券,29400,
283 Production XXXX Performance XXX= S/N-GUL4R1TY,xRライブ,特典付き現地+xRストリーミング,15000,
283 Production XXXX Performance XXX= S/N-GUL4R1TY,xRライブ,全席指定,9800,
283 Production XXXX Performance XXX= S/N-GUL4R1TY,xRライブ,ティーン割,4120,
283 Production XXXX Performance XXX= S/N-GUL4R1TY,xRライブ,配信,4500,
"THE IDOLM@STER SHINY COLORS 283PRODUCTION SOLO PERFORMANCE LIVE 我儘なまま＆5.5th Anniversary LIVE 星が見上げた空 Blu-ray BOX",Blu-ray,初回生産限定版,27500,2024/05/22
