1	ユニット回：イルミネーションスターズ	2018/06/14(木) 17:00
2	ユニット回：アンティーカ	2018/06/26(火) 21:00
3	ユニット回：アルストロメリア	2018/07/03(火) 21:00
4	ユニット回：放課後クライマックスガールズ	2018/07/10(火) 21:00
5	ユニット回：イルミネーションスターズ	2018/07/17(火) 21:00
6	ユニット回：アンティーカ	2018/07/24(火) 21:00
7	ユニット回：アルストロメリア	2018/07/31(火) 21:00
8	ユニット回：放課後クライマックスガールズ	2018/08/07(火) 21:00
9	ユニット回：イルミネーションスターズ	2018/08/14(火) 21:00
10	ユニット回：アンティーカ	2018/08/21(火) 21:00
11	ユニット回：アルストロメリア	2018/08/28(火) 21:00
12	ユニット回：放課後クライマックスガールズ	2018/09/04(火) 21:00
13	ユニット回：イルミネーションスターズ	2018/09/11(火) 21:00
14	ユニット回：アンティーカ	2018/09/18(火) 21:00
15	ユニット回：アルストロメリア	2018/09/25(火) 21:00
16	ユニット回：放課後クライマックスガールズ	2018/10/02(火) 21:00
17	ユニット回：イルミネーションスターズ	2018/10/09(火) 21:00
18	ユニット回：アンティーカ	2018/10/16(火) 21:00
19	ユニット回：アルストロメリア	2018/10/23(火) 21:00
20	ユニット回：放課後クライマックスガールズ	2018/10/30(火) 21:00
21	ユニット回：イルミネーションスターズ	2018/11/06(火) 21:00
22	ユニット回：アンティーカ	2018/11/13(火) 21:00
23	ユニット回：アルストロメリア	2018/11/20(火) 21:00
24	ユニット回：放課後クライマックスガールズ	2018/11/27(火) 21:00
25	ユニット回：イルミネーションスターズ	2018/12/04(火) 21:00
26	ユニット回：アンティーカ	2018/12/11(火) 21:00
27	ユニット回：アルストロメリア	2018/12/18(火) 21:00
28	ユニット回：放課後クライマックスガールズ	2018/12/25(火) 21:00
29	ユニット回：イルミネーションスターズ	2019/01/08(火) 21:00
30	ユニット回：アンティーカ	2019/01/15(火) 21:00
31	ユニット回：アルストロメリア	2019/01/22(火) 21:00
32	ユニット回：放課後クライマックスガールズ	2019/01/29(火) 21:00
33	ユニット回：イルミネーションスターズ	2019/02/05(火) 21:00
34	ユニット回：アンティーカ	2019/02/12(火) 21:00
35	ユニット回：アルストロメリア	2019/02/19(火) 21:00
36	ユニット回：放課後クライマックスガールズ	2019/02/26(火) 21:00
37	1stLIVE開催直前スペシャル	2019/03/05(火) 21:00
38	ユニット回：ストレイライト	2019/04/02(火) 18:00
39	ユニット回：イルミネーションスターズ	2019/04/09(火) 18:00
40	ユニット回：アンティーカ	2019/04/16(火) 18:00
41	ユニット回：アルストロメリア	2019/04/23(火) 18:00
42	ユニット回：放課後クライマックスガールズ	2019/04/30(火) 18:00
43	ユニット回：ストレイライト	2019/05/07(火) 18:00
44	ユニット回：イルミネーションスターズ	2019/05/14(火) 18:00
45	ユニット回：アンティーカ	2019/05/21(火) 18:00
46	ユニット回：アルストロメリア	2019/05/28(火) 18:00
47	ユニット回：放課後クライマックスガールズ	2019/06/04(火) 18:00
48	ユニット回：ストレイライト	2019/06/11(火) 18:00
49	ユニット回：イルミネーションスターズ	2019/06/18(火) 18:00
50	ユニット回：アンティーカ	2019/06/25(火) 18:00
51	ユニット回：アルストロメリア	2019/07/02(火) 18:00
52	ユニット回：放課後クライマックスガールズ	2019/07/09(火) 18:00
53	ユニット回：ストレイライト	2019/07/16(火) 18:00
54	ユニット回：イルミネーションスターズ	2019/07/23(火) 18:00
55	ユニット回：アンティーカ	2019/07/30(火) 18:00
56	ユニット回：アルストロメリア	2019/08/06(火) 18:00
57	ユニット回：放課後クライマックスガールズ	2019/08/20(火) 18:00
58	サマパ特別回	2019/08/27(火) 18:00
59	ユニット回：イルミネーションスターズ	2019/09/03(火) 18:00
60	ユニット回：アンティーカ	2019/09/10(火) 18:00
61	ユニット回：アルストロメリア	2019/09/17(火) 18:00
62	ユニット回：放課後クライマックスガールズ	2019/09/24(火) 18:00
63	ユニット回：ストレイライト	2019/10/01(火) 18:00
64	ユニット回：イルミネーションスターズ	2019/10/08(火) 18:00
65	ユニット回：アンティーカ	2019/10/15(火) 18:00
66	ユニット回：アルストロメリア	2019/10/22(火) 18:00
67	ユニット回：放課後クライマックスガールズ	2019/10/29(火) 18:00
68	ユニット回：ストレイライト	2019/11/05(火) 18:00
69	ユニット回：イルミネーションスターズ	2019/11/11(月) 18:00
70	ユニット回：アンティーカ	2019/11/19(火) 18:00
71	ユニット回：アルストロメリア	2019/11/26(火) 18:00
72	ユニット回：放課後クライマックスガールズ	2019/12/03(火) 18:00
73	ユニット回：ストレイライト	2019/12/10(火) 18:00
74	ユニット回：イルミネーションスターズ	2019/12/17(火) 18:00
75	ユニット回：アンティーカ	2019/12/24(火) 18:00
76	ユニット回：アルストロメリア	2020/01/07(火) 18:00
77	ユニット回：放課後クライマックスガールズ	2020/01/14(火) 18:00
78	ユニット回：ストレイライト	2020/01/21(火) 18:00
79	ユニット回：イルミネーションスターズ	2020/01/28(火) 18:00
80	ユニット回：アンティーカ	2020/02/04(火) 18:00
81	ユニット回：アルストロメリア	2020/02/11(火) 18:00
82	ユニット回：放課後クライマックスガールズ	2020/02/18(火) 18:00
83	ユニット回：ストレイライト	2020/02/25(火) 18:00
84	ユニット回：イルミネーションスターズ	2020/03/03(火) 18:00
85	ユニット回：アンティーカ	2020/03/10(火) 18:00
86	ユニット回：アルストロメリア	2020/03/17(火) 18:00
87	ユニット回：放課後クライマックスガールズ	2020/03/24(火) 18:00
88	ユニット回：ストレイライト	2020/03/31(火) 18:00
89	ユニット回：イルミネーションスターズ	2020/04/07(火) 18:00
90	ユニット回：アンティーカ	2020/04/14(火) 18:00
91	ユニット回：アルストロメリア	2020/04/21(火) 18:00
92	ユニット回：放課後クライマックスガールズ	2020/04/28(火) 18:00
93	ユニット回：ストレイライト	2020/05/12(火) 18:00
94	ユニット回：ノクチル	2020/05/19(火) 18:00
95	ユニット回：イルミネーションスターズ	2020/05/26(火) 18:00
96	ユニット回：アンティーカ	2020/06/02(火) 18:00
97	ユニット回：アルストロメリア	2020/06/09(火) 18:00
98	ユニット回：放課後クライマックスガールズ	2020/06/16(火) 18:00
99	私の心はキュンって言った	2020/06/23(火) 18:00
100	さすが幼なじみ！	2020/06/30(火) 18:00
101	めぐるって言っていいって言われたし！	2020/07/07(火) 18:00
102	動画回 グーサイン出ました	2020/07/14(火) 18:00
103	うっ、頭が…	2020/07/21(火) 18:00
104	なかなかやるじゃねーか	2020/07/28(火) 18:00
105	動画回	2020/08/04(火) 18:00
106	拍手が起こりました	2020/08/11(火) 18:00
107	峯田大先生の新作	2020/08/18(火) 18:00
108	Pたんだったりする？	2020/08/25(火) 18:00
109	得意な科目スキップ	2020/09/01(火) 18:00
110	ワラデューサーの肌ツヤがよくなった	2020/09/08(火) 18:00
111	最高がエベレスト	2020/09/15(火) 18:00
112	動画回 みんなマジ感謝って感じです	2020/09/29(火) 18:00
113	いろんな感情にひたれやがれ	2020/10/06(火) 18:00
114	おなじようなもんでしょ	2020/10/13(火) 18:00
115	動画回	2020/10/20(火) 18:00
116	みんなドーン？	2020/10/27(火) 18:00
117	ユニット回：ストレイライト	2020/11/03(火) 18:00
118	自分の翼で飛びたいんじゃ	2020/11/10(火) 18:00
119	動画回 illumination STARS	2020/11/17(火) 18:00
120	練習の成果です	2020/11/24(火) 18:00
121	ユニット回：アルストロメリア	2020/12/01(火) 18:00
122	動画回 私ってベイビーだったんだな	2020/12/08(火) 18:00
123	ストレイライトにしか見せちゃダメ！	2020/12/15(火) 18:00
124	ノクチル、満面の笑みでございます	2020/12/22(火) 18:00
125	おいでよ、長野に！	2021/01/05(火) 18:00
126	動画回 我に力を！右手っ！	2021/01/12(火) 18:00
127	忘れっちゃった、喋るの…	2021/01/19(火) 18:00
128	忖度をお願いします	2021/01/26(火) 18:00
129	大人になっちゃうの…？	2021/02/02(火) 18:00
130	動画回 お前が握るんだよ！	2021/02/09(火) 18:00
131	いつも間違えるってみんな知ってるでしょ	2021/02/16(火) 18:00
132	出版いたしますわ	2021/02/23(火) 18:00
133	せーの、みだり！？	2021/03/02(火) 18:00
134	マ、マ、マダガスカル？	2021/03/09(火) 18:00
135	動画回 教えて、アンティーカ！	2021/03/16(火) 18:00
136	ノクチル、フルネームで呼びがち	2021/03/23(火) 18:00
137	特別生配信	2021/03/30(火) 20:00
138	ユニット回：シーズ	2021/04/06(火) 18:00
139	愛着どころじゃない。普段着	2021/04/13(火) 18:00
140	みんなさ、座れていいね！	2021/04/20(火) 18:00
141	動画回 差し入れ届いたよ～	2021/04/27(火) 18:00
142	動画回 私はもうみなさんの言うことは聞きません！	2021/05/11(火) 18:00
143	おはようございま～す♪（目がマジ）	2021/05/18(火) 18:00
144	寂しくなんてないんだからね！	2021/05/25(火) 18:00
145	動画回 っえぇぇぇ！？（独り言）	2021/06/01(火) 18:00
146	また泣きそうになっちゃうじゃん！	2021/06/08(火) 18:00
147	私がヒザ神で瑠奈がヒザ神	2021/06/15(火) 18:00
148	あの3つの指輪を救ってくれ…！	2021/06/22(火) 18:00
149	みんながステキって言ってくれたから、私は今見て欲しいんだ	2021/06/29(火) 18:00
150	あんたどんな仕事持ってきてんのよ！	2021/07/06(火) 18:00
151	やめよう、フラグだよそれ	2021/07/13(火) 18:00
152	こういうのいけたりすんの？	2021/07/20(火) 18:00
153	動画回 八宮めぐるお誕生日おめでとうございます	2021/07/27(火) 18:00
154	動画回 すごく大きいイチゴじゃないか	2021/08/03(火) 18:00
155	比較的大きな卵がありまして…	2021/08/10(火) 18:00
156	間違いないね！	2021/08/17(火) 18:00
157	ストレイライトは健康です	2021/08/24(火) 18:00
158	「いつだって僕らは」だよ！？	2021/08/31(火) 18:00
159	うん…見えるね…	2021/09/07(火) 18:00
160	それもうフフーフッフーじゃん	2021/09/14(火) 18:00
161	ご家族、誰かマジシャンだったりする……？	2021/09/21(火) 18:00
162	動画回 ぽのぽ。ノリストロメリア。がんもどき。	2021/09/28(火) 18:00
163	ズッキュン！踊ってるの見たい！！	2021/10/05(火) 18:00
164	はーー今年1番笑った！	2021/10/12(火) 18:00
165	動画回 任せてよリズム！自由にやるから！	2021/10/19(火) 18:00
166	生配信	2021/10/26(火) 20:00
167	はぁ…あったかい	2021/11/02(火) 18:00
168	ちょっと本気出しちゃおうかな？	2021/11/09(火) 18:00
169	甜花ショック！！	2021/11/16(火) 18:00
170	カフェ高山にみんなで行きましょう	2021/11/23(火) 18:00
171	動画回 バグがすごいぞ～	2021/11/30(火) 18:00
172	美保に怒られちゃうよ！	2021/12/07(火) 18:00
173	動画回 最終結果はいかに…！？	2021/12/14(火) 18:00
174	それ以上の回答だせない	2021/12/21(火) 18:00
175	ここからここまで全部ください	2021/12/28(火) 18:00
176	エモじゃんっ！！！	2022/01/11(火) 18:00
177	動画回 はい ハナマル！	2022/01/18(火) 18:00
178	マント脱いだら野球少年	2022/01/25(火) 18:00
179	心が職人なんだよね	2022/02/01(火) 18:00
180	髪すっごい綺麗だよねっ！？	2022/02/08(火) 18:00
181	動画回 練習したらできますよ	2022/02/15(火) 18:00
182	リーダーからのありがたいお言葉でした	2022/02/22(火) 18:00
183	動画回 企画部行ってきなよっ…！	2022/03/01(火) 18:00
184	ボールに遊ばれてたよね	2022/03/08(火) 18:00
185	私の事はいいからっ…！	2022/03/15(火) 18:00
186	これ、選挙ですか？	2022/03/22(火) 18:00
187	特別生配信	2022/03/27(日) 20:00
188	全国のプロデューサーさん達に拡散して下さい	2022/04/05(火) 18:00
189	CD「PANOR@MA WING 01」リリースSP 良かった、私この場に居れて！	2022/04/12(火) 18:00
190	アニメイトカフェコラボ「FRUIT PARLOR」開催記念SP（動画回）	2022/04/19(火) 18:00
191	動画回 ラジオ体操アンティーカ	2022/04/26(火) 18:00
192	買うよん！過ごすよん！乗り切るよん！	2022/05/10(火) 18:00
193	なんとお淑やかにおよだを	2022/05/17(火) 18:00
194	動画回 冬優子には攻めて欲しかったんだって！	2022/05/24(火) 18:00
195	多分勝算があったんだろうね、この賭けには	2022/05/31(火) 18:00
196	動画回 腕はここからじゃなくてここから生えてるから…	2022/06/07(火) 18:00
197	番組4周年特別越境回 パンクとか…良くない？バンド！？	2022/06/14(火) 18:00
198	プロデューサー兼キャストなんだね	2022/06/21(火) 18:00
199	礒部がマジメモードの話とか営業妨害だから	2022/06/28(火) 18:00
200	え…隙間風…？	2022/07/05(火) 18:00
201	じゃ、樹里ちゃんには、これからW.I.N.G.に出てもらいます	2022/07/12(火) 18:00
202	アイマスこそが青春だよね	2022/07/19(火) 18:00
203	動画回 田嶌だったら騙せるってこと？！	2022/07/26(火) 18:00
204	早い段階で食べてる	2022/08/02(火) 18:00
205	動画回 ぽいよ。テンションがめちゃめちゃ高い時のれいれい	2022/08/09(火) 18:00
206	プロの霧子だったわけよ	2022/08/16(火) 18:00
207	SETSUNABEAT振り返り生配信	2022/08/23(火) 20:00
208	感情がジェットコースターだったよ	2022/08/30(火) 18:00
209	動画回 沈黙を自分の味方にする	2022/09/06(火) 18:00
210	寿司行きたーい（ゆきのおごりで）	2022/09/13(火) 18:00
211	それはそれで、いい解釈！	2022/09/20(火) 18:00
212	目薬を持ってくるんだぞ！	2022/09/27(火) 18:00
213	humburger⤵? humburger⤴?	2022/10/04(火) 18:00
214	霧子お休み読み聞かせボイス販売してくれない？！	2022/10/11(火) 18:00
215	動画回 芳醇な紫の香り…	2022/10/18(火) 18:00
216	MUGENBEAT振り返り生配信	2022/10/27(木) 19:00
217	高山'sポイント！	2022/11/01(火) 18:00
218	甘い卵焼きで、米を食う！？	2022/11/08(火) 18:00
219	そんじょそこらの沙弥香じゃないから。	2022/11/15(火) 18:00
220	ハムさん目線で考えました	2022/11/22(火) 18:00
221	動画回 エモみざわだった…	2022/11/29(火) 18:00
222	表に出さない写真でしょ？送ってよ	2022/12/06(火) 18:00
223	動画回 今後の待遇が変わるだけで、責めはしない	2022/12/13(火) 18:00
224	子供たちぃ～集まれーっ！	2022/12/20(火) 18:00
225	強欲だよ？涼本さん	2022/12/27(火) 18:00
226	動画回 私たちが縁です	2023/01/10(火) 18:00
227	あなたは最高よ！！	2023/01/17(火) 18:00
228	この壁が白だったらもう…うち。	2023/01/24(火) 18:00
229	玲奈ちゃん、元気！	2023/01/31(火) 18:00
230	噓でしょ⁉ アンちゃんA型だったの？	2023/02/07(火) 18:00
231	もうキッズ坊や出てきちゃった	2023/02/14(火) 18:00
232	動画回 リアルに疲れてると思われるんじゃないかな？	2023/02/21(火) 18:00
233	話したいことが多すぎる…！	2023/02/28(火) 18:00
234	動画回 威圧感じゃなくてオーラです	2023/03/07(火) 18:00
235	“綺さん”…!?	2023/03/14(火) 18:00
236	5th振り返り生配信	2023/03/21(火) 21:00
237	うずうずうずうず ぴよぴよぴよぴよ ほわほわほわほわ	2023/03/28(火) 18:00
238	ホントに俺たちここの陣地とった？	2023/04/04(火) 18:00
239	特別回 今回はリラックスしてます	2023/04/11(火) 18:00
240	動画回 3人一緒なの珍しくなかった？	2023/04/18(火) 18:00
241	有栖川夏葉さんが環境大臣に任命されたということで	2023/04/25(火) 18:00
242	えりちゃんはどう？＼エリチャンモソウオモウ！／	2023/05/09(火) 18:00
243	おいしいとこ狙ってこー？	2023/05/16(火) 18:00
244	ややさんは坂とかにいなさそう	2023/05/23(火) 18:00
245	動画回 誕生日プレゼントとして投票するのもいいんじゃないでしょうか	2023/05/30(火) 18:00
246	君たちにはまだ早いよ	2023/06/06(火) 18:00
247	このコーナーいつもぽのちゃんに怒られる…	2023/06/13(火) 18:00
248	動画回 脳内のはるすがアホ過ぎる	2023/06/20(火) 18:00
249	ストレイライトモノマネ大会	2023/06/27(火) 18:00
250	小糸のソロ曲、カラオケで歌ってるよ！	2023/07/04(火) 18:00
251	動画回 マイナスになることはないから、安心して…！	2023/07/11(火) 18:00
252	「わがまま」って漢字で書けますか？	2023/07/18(火) 18:00
253	我儘なまま振り返り生配信	2023/07/27(木) 20:00
254	気づかいぶつかり稽古	2023/08/01(火) 18:00
255	ちゅ…ぱくっ…	2023/08/08(火) 18:00
256	走りまくった。端だけに	2023/08/22(火) 18:00
257	動画回 イミゴ？イミスト？	2023/08/29(火) 18:00
258	二つ名「自己犠牲の田嶌」	2023/09/05(火) 18:00
259	アーティストだった…！	2023/09/12(火) 18:00
260	1人で観覧車に乗ってみました。楽しかったです	2023/09/19(火) 18:00
261	動画回 温泉……あ、言っちゃダメだ	2023/09/26(火) 18:00
262	前の川で涼んでる子供。	2023/10/03(火) 18:00
263	いやー、これは一本取られましたなぁ	2023/10/10(火) 18:00
264	私たちが波動ってこと!?	2023/10/17(火) 18:00
265	5.5th振り返り生配信	2023/10/24(火) 18:00
266	動画回 優ちゃんのことが分からない…こんなに一緒にいるのに…！	2023/10/31(火) 18:00
267	うわ～授業しっかり受けてたらどうしよう…！	2023/11/07(火) 18:00
268	コメティックがシャニラジに襲来！	2023/11/14(火) 18:00
269	動画回 おもしれーこの小説。読みてー	2023/11/21(火) 18:00
270	私は咲耶にアルストロメリアを踊らせてるよ	2023/11/28(火) 18:00
271	動画回 嘘だ！慌ててたもん！	2023/12/05(火) 18:00
272	いや、ちょ、本番良すぎたな	2023/12/12(火) 18:00
273	カラス(CV.ストレイライト)	2023/12/19(火) 18:00
274	思ったより爽やかなPが来た	2023/12/26(火) 18:00
275	メンタリストになっていい???	2024/01/09(火) 18:00
276	動画回 私がドヤってた！	2024/01/16(火) 18:00
277	真乃ってすごいのよ！	2024/01/23(火) 18:00
278	え、絶対に探すの？	2024/01/30(火) 18:00
279	責任は50/50だから！	2024/02/06(火) 18:00
280	動画回 あ、いい音ですね	2024/02/13(火) 18:00
281	このままだと恵理ちゃんの頭を…	2024/02/20(火) 18:00
282	フリーが1番難しい！	2024/02/27(火) 18:00
283	6th大阪振り返り生配信	2024/03/07(木) 21:30
284	動画回 私は、タンって習いました。	2024/03/12(火) 18:00
285	2人とも動じないよね	2024/03/19(火) 18:00
286	どうですか？触れてください4コマに！	2024/03/26(火) 18:00
287	どっひゃー	2024/04/02(火) 18:00
288	「自分の欲など無さそうに……」「ありそうだよ？」	2024/04/09(火) 18:00
289	『どうなってるんですかこの店は！』『お客様落ち着いてください』	2024/04/16(火) 18:00
290	6th横浜振り返り生配信	2024/04/23(火) 20:00
291	マンスリーMC：田中有紀	2024/07/09(火) 22:00
292	マンスリーMC：田中有紀	2024/07/16(火) 22:00
293	ユニット回：ストレイライト	2024/07/23(火) 22:00
294	LIVEFUN振り返り生配信	2024/07/31(水) 20:30
295	マンスリーMC：紫月杏朱彩	2024/08/06(火) 22:00
296	マンスリーMC：紫月杏朱彩	2024/08/13(火) 22:00
297	マンスリーMC：紫月杏朱彩	2024/08/20(火) 22:00
298	ユニット回：シーズ	2024/08/27(火) 22:00
299	マンスリーMC：田嶌紗蘭	2024/09/03(火) 22:00
300	マンスリーMC：田嶌紗蘭	2024/09/10(火) 22:00
301	マンスリーMC：田嶌紗蘭	2024/09/17(火) 22:00
302	ユニット回：ノクチル	2024/09/24(火) 22:00
303	ばぶるは初MC！ツッコミ不在の癒しラジオ	2024/10/01(火) 22:00
304	6.5th振り返り生配信	2024/10/08(火) 21:00
305	Chapter283 お疲れサマーサマーオーシャンパーリィーバケーション	2024/10/15(火) 22:00
306	プロデューサーの数だけ答えがある？透コミュを語る！	2024/10/22(火) 22:00
307	祝1周年＆コメティック流ハロウィンパーティー	2024/10/29(火) 22:00
308	うちらTeam.Luna夜露死苦！	2024/11/05(火) 22:00
309	コミュトーク満載。乙女行き過ぎ⁈	2024/11/12(火) 22:00
310	3人の共通点みんなは分かる？	2024/11/19(火) 22:00
311	イチャイチャイルミネ。	2024/11/26(火) 22:00
312	私も甜花も、がんばりましゅ！	2024/12/03(火) 22:00
313	ママストロメリア開催⁈	2024/12/10(火) 22:00
314	連れて行くよ⇔来ないでください	2024/12/17(火) 22:00
315	アニバーサリー⋯泣	2024/12/24(火) 22:00
316	新春生配信スペシャル	2025/01/07(火) 22:00
317	今日から23時！初MCもテンション高めでお届け	2025/01/14(火) 23:00
318	クールなユニットのセンターはアレがないとムズムズ!?	2025/01/21(火) 23:00
319	アンティーカの楽屋トーク～キャストMVの裏話を添えて～	2025/01/28(火) 23:00
320	バラしちゃおう。ストレイライトライブ前	2025/02/04(火) 23:00
321	ストーリーと共に、距離が近付いていってる	2025/02/11(火) 23:00
322	語ります！はるきLanding Point	2025/02/18(火) 23:00
323	先生から放クラへのありがたいお言葉	2025/02/26(水) 23:00
324	シャニアニ2nd LIVEライブ後SP生配信！	2025/03/06(木) 19:00
325	想像のつばさ 語ります	2025/03/11(火) 23:00
326	神様は”ぴゃ”だ、って	2025/03/18(火) 23:00
327	宣伝王大ピンチ!?	2025/03/25(火) 23:00
328	ウェルカム トゥ シャニソン！	2025/04/01(火) 23:00
329	輝きにかわるに変わってもうすぐ1年	2025/04/08(火) 23:00
330	パフォーマンス中、目が合う瞬間	2025/04/15(火) 23:00
331	渋谷をジャックしたアイドルたち	2025/04/22(火) 23:00
332	ノクチル、5年間の愛しき日々	2025/04/29(火) 23:00
333	でもこれ⋯っ！”パラレル”なんだよなぁ～！	2025/05/06(火) 23:00
334	人間の成長劇だよね	2025/05/13(火) 23:00
335	銀河みたい、、、、、！	2025/05/20(火) 23:00
336	半分以上、にちかが関わっている⋯！	2025/05/27(火) 23:00
337	ここをパワースポットとする	2025/06/03(火) 23:00
338	このコミュ、審議です！	2025/06/10(火) 23:00
339	フレミング左手の法則	2025/06/17(火) 23:00
340	円環福岡振り返り生配信	2025/06/27(金) 19:00
341	”蹴り”好きすぎない？	2025/07/01(火) 23:00
342	円環横浜振り返り生配信	2025/07/10(木) 18:00
343	円環先輩からのアドバイス	2025/07/15(火) 23:00
344	トップアイドルとは	2025/07/22(火) 23:00
345	アルスト、まだまだ味するぜ！	2025/08/05(火) 23:00
346	円環愛知振り返り生配信	2025/08/15(金) 19:00
347	MCにオチをつけてくれる人たち	2025/08/19(火) 23:00
348	パーフェクトなラジオってなにぃ～泣	2025/08/26(火) 23:00
349	透がしっかりお仕事している…！	2025/09/02(火) 23:00
350	保冷剤巻き付けよ！	2025/09/09(火) 23:00
351	普段、台本に書き込みってする？	2025/09/16(火) 23:00
352	幸せになってよ、みんな	2025/09/23(火) 23:00
353	円環青森振り返り生配信	2025/10/02(木) 19:00
354	ルカ、丸くなったねぇ～	2025/10/07(火) 23:00
355	優しい店員さんのアシスト	2025/10/14(火) 23:00
356	帰ってきたハロウィン回	2025/10/21(火) 23:00
357	螺旋振り返り生配信	2025/10/29(水) 18:00
358	シャニマスの「静」担当	2025/11/04(火) 23:00
359	小糸ちゃん嬉しいねぇ！\\（ウレシイ！）//	2025/11/11(火) 23:00
360	私は架空の女子高に通ってるんですけど	2025/11/18(火) 23:00
361	武士が足りないな⋯⋯	2025/11/25(火) 23:00
362	霧子のコミュの読みがわかるのは、シャニラジだけ！	2025/12/02(火) 23:00
363	そのちょっとのボイスで脳が…...うっ...…	2025/12/09(火) 23:00
364	変拍子から逃れられない	2025/12/16(火) 23:00
365	もうちょっと摩美々やってよ	2025/12/23(火) 23:00
366	2026年もシャニラジから！	2026/01/06(火) 23:00
367	実現したの。合法的に	2026/01/13(火) 23:00
368	持ち上げられて、全カットです	2026/01/20(火) 23:00
369	大解剖 楽曲コメンタリー生配信！（騎士団振り返り生配信）	2026/01/29(木) 20:00
370	学マスちゃんをエスコート	2026/02/03(火) 23:00
371	お賽銭も個性もバラバラ！	2026/02/10(火) 23:00
372	大感謝祭振り返り生配信	2026/02/19(木) 20:00
373	レコーディングで〇〇〇になりました	2026/02/24(火) 23:00
374	イマジナリーコメティック!?	2026/03/03(火) 23:00
375	台本に修羅場って書かれてる！	2026/03/10(火) 23:00
376	目が合わせらせない…！	2026/03/17(火) 23:00
377	ギャハハ！ラーメンラーメン！（本人）	2026/03/24(火) 23:00
378	新ユニットはバロック!?ヒガン龍!?	2026/04/07(火) 23:00
379	合体ッ！木崎前りのほ！	2026/04/14(火) 23:00
380	そんなのできないよぉよぉよぉ～	2026/04/21(火) 23:00
381	∞th振り返り生配信	2026/05/01(金) 19:00
382	何が言いたかったんだっけ。あの⋯ ⋯ありがとうございます	2026/05/05(火) 23:00
383	ほとんどまっさらな状態	2026/05/12(火) 23:00
384	椅子と一緒に出てきたいな	2026/05/19(火) 23:00
385	うる⋯⋯こだわりある方だから	2026/05/26(火) 23:00
386	えー、ご職業は？	2026/06/02(火) 23:00
387	手で×を作ってるのなんで？	2026/06/09(火) 23:00
388	かわるか、また	2026/06/16(火) 23:00
389	高音を担当していただいて	2026/06/23(火) 23:00
390	色に例えると？	2026/06/30(火) 23:00
391	読み終わった後にずっと残り続けるコミュ	2026/07/07(火) 23:00
392	私の中の峯田と茉優が暴れた	2026/07/14(火) 23:00
393	ほんとに何か持っていきな!?	2026/07/21(火) 23:00
394	5人で一斉に喋っちゃう	2026/07/28(火) 23:00
395	～YouTube放送スタート記念！ 映像付き生配信～	2026/08/01(土) 17:00
