出演回,初回放送,放送内容,種類,ユニット回,マンスリーMC,ゲスト,欠席,公式配信URL,後半,備考
1,2018/06/14(木) 17:00,ユニット回：イルミネーションスターズ,,イルミネーションスターズ,,,,https://asobichannel.asobistore.jp/watch/peadtfaqgflu,,"出演: イルミネーションスターズ (関根瞳, 近藤玲奈, 峯田茉優)"
2,2018/06/26(火) 21:00,ユニット回：アンティーカ,,アンティーカ,,,,https://asobichannel.asobistore.jp/watch/5dacga1rr,,"出演: アンティーカ (礒部花凜, 菅沼千紗, 八巻アンナ, 成海瑠奈, 結名美月)"
3,2018/07/03(火) 21:00,ユニット回：アルストロメリア,,アルストロメリア,,,,https://asobichannel.asobistore.jp/watch/rk3tnxcn3n3,,"出演：アルストロメリア(黒木ほの香, 前川涼子, 芝崎典子)"
4,2018/07/10(火) 21:00,ユニット回：放課後クライマックスガールズ,,放課後クライマックスガールズ,,,,https://asobichannel.asobistore.jp/watch/v_n6o6jl_zq9,,出演：放課後クライマックスガールズ(河野ひより、白石晴香、永井真里子、丸岡和佳奈、涼本あきほ)
5,2018/07/17(火) 21:00,ユニット回：イルミネーションスターズ,,イルミネーションスターズ,,,,https://asobichannel.asobistore.jp/watch/ga0s3a3ude,,出演：イルミネーションスターズ(関根瞳、近藤玲奈、峯田茉優)
6,2018/07/24(火) 21:00,ユニット回：アンティーカ,,アンティーカ,,,,https://asobichannel.asobistore.jp/watch/whh_214uqe6c,,出演: アンティーカ(礒部花凜、菅沼千紗、八巻アンナ、成海瑠奈、結名美月)
7,2018/07/31(火) 21:00,ユニット回：アルストロメリア,,アルストロメリア,,,,https://asobichannel.asobistore.jp/watch/ruj5rfaw54o,,"出演：アルストロメリア(黒木ほの香, 前川涼子, 芝崎典子)"
8,2018/08/07(火) 21:00,ユニット回：放課後クライマックスガールズ,,放課後クライマックスガールズ,,,,https://asobichannel.asobistore.jp/watch/nm6_npe9wp9l,,出演：放課後クライマックスガールズ(河野ひより、白石晴香、永井真里子、丸岡和佳奈、涼本あきほ)
9,2018/08/14(火) 21:00,ユニット回：イルミネーションスターズ,,イルミネーションスターズ,,,,https://asobichannel.asobistore.jp/watch/9hcmqsodqkn,,出演：イルミネーションスターズ(関根瞳、近藤玲奈、峯田茉優)
10,2018/08/21(火) 21:00,ユニット回：アンティーカ,,アンティーカ,,,,https://asobichannel.asobistore.jp/watch/vnze8f571,,出演：アンティーカ(礒部花凜、菅沼千紗、八巻アンナ、成海瑠奈、結名美月)
11,2018/08/28(火) 21:00,ユニット回：アルストロメリア,,アルストロメリア,,,,https://asobichannel.asobistore.jp/watch/035bevfde,,出演：アルストロメリア(黒木ほの香、前川涼子、芝崎典子)
12,2018/09/04(火) 21:00,ユニット回：放課後クライマックスガールズ,,放課後クライマックスガールズ,,,,https://asobichannel.asobistore.jp/watch/zucuh0yes,,出演：放課後クライマックスガールズ(河野ひより、白石晴香、永井真里子、丸岡和佳奈、涼本あきほ)
13,2018/09/11(火) 21:00,ユニット回：イルミネーションスターズ,,イルミネーションスターズ,,,,https://asobichannel.asobistore.jp/watch/l32n4l6lrz,,"出演: イルミネーションスターズ (関根瞳, 近藤玲奈, 峯田茉優)"
14,2018/09/18(火) 21:00,ユニット回：アンティーカ,,アンティーカ,,,,https://asobichannel.asobistore.jp/watch/ltyfttzlyj5,,出演：アンティーカ(礒部花凜、菅沼千紗、八巻アンナ、成海瑠奈、結名美月)
15,2018/09/25(火) 21:00,ユニット回：アルストロメリア,,アルストロメリア,,,,https://asobichannel.asobistore.jp/watch/m0mrremz9,,出演：アルストロメリア(黒木ほの香、前川涼子、芝崎典子)
16,2018/10/02(火) 21:00,ユニット回：放課後クライマックスガールズ,,放課後クライマックスガールズ,,,,https://asobichannel.asobistore.jp/watch/1wdr_6yqgfx,,出演：放課後クライマックスガールズ(河野ひより、白石晴香、永井真里子、丸岡和佳奈、涼本あきほ)
17,2018/10/09(火) 21:00,ユニット回：イルミネーションスターズ,,イルミネーションスターズ,,,,https://asobichannel.asobistore.jp/watch/x18ov056s,,出演：イルミネーションスターズ(関根瞳、近藤玲奈、峯田茉優)
18,2018/10/16(火) 21:00,ユニット回：アンティーカ,,アンティーカ,,,,https://asobichannel.asobistore.jp/watch/gh1ihm45kt,,出演：アンティーカ
19,2018/10/23(火) 21:00,ユニット回：アルストロメリア,,アルストロメリア,,,,https://asobichannel.asobistore.jp/watch/v87ebi7dg,,出演：アルストロメリア
20,2018/10/30(火) 21:00,ユニット回：放課後クライマックスガールズ,,放課後クライマックスガールズ,,,,https://asobichannel.asobistore.jp/watch/fqds64aqdomf,,出演：放課後クライマックスガールズ
21,2018/11/06(火) 21:00,ユニット回：イルミネーションスターズ,,イルミネーションスターズ,,,,https://asobichannel.asobistore.jp/watch/jytl_-nqs3y,,出演：イルミネーションスターズ
22,2018/11/13(火) 21:00,ユニット回：アンティーカ,,アンティーカ,,,,https://asobichannel.asobistore.jp/watch/la1i48542,,出演：アンティーカ
23,2018/11/20(火) 21:00,ユニット回：アルストロメリア,,アルストロメリア,,,,https://asobichannel.asobistore.jp/watch/ua9j7v2iymqh,,出演：アルストロメリア
24,2018/11/27(火) 21:00,ユニット回：放課後クライマックスガールズ,,放課後クライマックスガールズ,,,,https://asobichannel.asobistore.jp/watch/tauo-2i1jn,,出演：放課後クライマックスガールズ
25,2018/12/04(火) 21:00,ユニット回：イルミネーションスターズ,,イルミネーションスターズ,,,,https://asobichannel.asobistore.jp/watch/rdyrdulnk,,出演：イルミネーションスターズ
26,2018/12/11(火) 21:00,ユニット回：アンティーカ,,アンティーカ,,,礒部花凜,https://asobichannel.asobistore.jp/watch/h4mqqfhq1w16,,出演：アンティーカ ※礒部花凜は欠席
27,2018/12/18(火) 21:00,ユニット回：アルストロメリア,,アルストロメリア,,,,https://asobichannel.asobistore.jp/watch/m8wq1ahva,,出演：アルストロメリア
28,2018/12/25(火) 21:00,ユニット回：放課後クライマックスガールズ,,放課後クライマックスガールズ,,,,https://asobichannel.asobistore.jp/watch/35kwogrlngug,,出演：放課後クライマックスガールズ
29,2019/01/08(火) 21:00,ユニット回：イルミネーションスターズ,,イルミネーションスターズ,,,,https://asobichannel.asobistore.jp/watch/i7t099tfnvj,,出演：イルミネーションスターズ
30,2019/01/15(火) 21:00,ユニット回：アンティーカ,,アンティーカ,,,礒部花凜,https://asobichannel.asobistore.jp/watch/uy9_4-9xp-0k,,出演：アンティーカ ※礒部花凜は欠席
31,2019/01/22(火) 21:00,ユニット回：アルストロメリア,,アルストロメリア,,,,https://asobichannel.asobistore.jp/watch/8wiei7lk55m,,出演：アルストロメリア
32,2019/01/29(火) 21:00,ユニット回：放課後クライマックスガールズ,,放課後クライマックスガールズ,,,,https://asobichannel.asobistore.jp/watch/1-chu9_w-2w,,出演：放課後クライマックスガールズ
33,2019/02/05(火) 21:00,ユニット回：イルミネーションスターズ,,イルミネーションスターズ,,,関根瞳,https://asobichannel.asobistore.jp/watch/9snyrm4ylcd,,出演：イルミネーションスターズ ※関根瞳が欠席
34,2019/02/12(火) 21:00,ユニット回：アンティーカ,,アンティーカ,,,,https://asobichannel.asobistore.jp/watch/lyxm0-6fxi,,出演：アンティーカ
35,2019/02/19(火) 21:00,ユニット回：アルストロメリア,,アルストロメリア,,,,https://asobichannel.asobistore.jp/watch/imd86dtsu,,出演：アルストロメリア
36,2019/02/26(火) 21:00,ユニット回：放課後クライマックスガールズ,,放課後クライマックスガールズ,,,,https://asobichannel.asobistore.jp/watch/72dsi4ch-d5,,出演：放課後クライマックスガールズ
37,2019/03/05(火) 21:00,1stLIVE開催直前スペシャル,,,,,,https://asobichannel.asobistore.jp/watch/ssv9922ru,,1stLIVE開催直前スペシャル / シャイニーカラーズ全16名が出演
38,2019/04/02(火) 18:00,ユニット回：ストレイライト,,ストレイライト,,,,https://asobichannel.asobistore.jp/watch/a3_v7ppfc7,,出演：ストレイライト(田中有紀・幸村恵理・北原沙弥香)
39,2019/04/09(火) 18:00,ユニット回：イルミネーションスターズ,,イルミネーションスターズ,,,,https://asobichannel.asobistore.jp/watch/6164j5t_fr3,,出演：イルミネーションスターズ
40,2019/04/16(火) 18:00,ユニット回：アンティーカ,,アンティーカ,,,,https://asobichannel.asobistore.jp/watch/bp9a4pn8d158,,出演：アンティーカ
41,2019/04/23(火) 18:00,ユニット回：アルストロメリア,,アルストロメリア,,,,https://asobichannel.asobistore.jp/watch/shknb8mpod,,出演：アルストロメリア
42,2019/04/30(火) 18:00,ユニット回：放課後クライマックスガールズ,,放課後クライマックスガールズ,,,,https://asobichannel.asobistore.jp/watch/n-a59gf2-nlx,,出演：放課後クライマックスガールズ
43,2019/05/07(火) 18:00,ユニット回：ストレイライト,,ストレイライト,,,,https://asobichannel.asobistore.jp/watch/p05gw9_zfpf,,出演：ストレイライト
44,2019/05/14(火) 18:00,ユニット回：イルミネーションスターズ,,イルミネーションスターズ,,,,https://asobichannel.asobistore.jp/watch/p8sse2-0uw7p,,出演：イルミネーションスターズ
45,2019/05/21(火) 18:00,ユニット回：アンティーカ,,アンティーカ,,,,https://asobichannel.asobistore.jp/watch/35b2s25f766,,出演：アンティーカ
46,2019/05/28(火) 18:00,ユニット回：アルストロメリア,,アルストロメリア,,,,https://asobichannel.asobistore.jp/watch/rwatren3vz,,出演：アルストロメリア
47,2019/06/04(火) 18:00,ユニット回：放課後クライマックスガールズ,,放課後クライマックスガールズ,,,,https://asobichannel.asobistore.jp/watch/9x-rqrqa4w,,出演：放課後クライマックスガールズ
48,2019/06/11(火) 18:00,ユニット回：ストレイライト,,ストレイライト,,,,https://asobichannel.asobistore.jp/watch/330b_0sj9swu,,出演：ストレイライト
49,2019/06/18(火) 18:00,ユニット回：イルミネーションスターズ,,イルミネーションスターズ,,,,https://asobichannel.asobistore.jp/watch/4b_j341r5w8q,,出演：イルミネーションスターズ
50,2019/06/25(火) 18:00,ユニット回：アンティーカ,,アンティーカ,,,,https://asobichannel.asobistore.jp/watch/cywt6xiks4,,出演：アンティーカ
51,2019/07/02(火) 18:00,ユニット回：アルストロメリア,,アルストロメリア,,,,https://asobichannel.asobistore.jp/watch/l-2u-42klqme,,出演：アルストロメリア
52,2019/07/09(火) 18:00,ユニット回：放課後クライマックスガールズ,,放課後クライマックスガールズ,,,,https://asobichannel.asobistore.jp/watch/sj35f7u1hm,,出演：放課後クライマックスガールズ
53,2019/07/16(火) 18:00,ユニット回：ストレイライト,,ストレイライト,,,,https://asobichannel.asobistore.jp/watch/2bntc17b238,,出演：ストレイライト
54,2019/07/23(火) 18:00,ユニット回：イルミネーションスターズ,,イルミネーションスターズ,,,,https://asobichannel.asobistore.jp/watch/mhskocnhm,,出演：イルミネーションスターズ
55,2019/07/30(火) 18:00,ユニット回：アンティーカ,,アンティーカ,,,,https://asobichannel.asobistore.jp/watch/2jubiwlj46,,出演：アンティーカ
56,2019/08/06(火) 18:00,ユニット回：アルストロメリア,,アルストロメリア,,,,https://asobichannel.asobistore.jp/watch/xlp5_d1z_p,,出演：アルストロメリア
57,2019/08/20(火) 18:00,ユニット回：放課後クライマックスガールズ,,放課後クライマックスガールズ,,,,https://asobichannel.asobistore.jp/watch/d8uo5bb5j4,,出演：放課後クライマックスガールズ
58,2019/08/27(火) 18:00,サマパ特別回,,,,,,https://asobichannel.asobistore.jp/watch/3vj8eo-apc,https://asobichannel.asobistore.jp/watch/26o0a0c2y,サマパ特別回 / 夜のみ：アルストロメリア、放課後クライマックスガールズ
59,2019/09/03(火) 18:00,ユニット回：イルミネーションスターズ,,イルミネーションスターズ,,,,https://asobichannel.asobistore.jp/watch/8tvhs3mmh,,出演：イルミネーションスターズ
60,2019/09/10(火) 18:00,ユニット回：アンティーカ,,アンティーカ,,,,https://asobichannel.asobistore.jp/watch/2ihnlwporew,,出演：アンティーカ
61,2019/09/17(火) 18:00,ユニット回：アルストロメリア,,アルストロメリア,,,,https://asobichannel.asobistore.jp/watch/zoj3zhzxcw25,,出演：アルストロメリア
62,2019/09/24(火) 18:00,ユニット回：放課後クライマックスガールズ,,放課後クライマックスガールズ,,,,https://asobichannel.asobistore.jp/watch/5x1won4f1zd,,出演：放課後クライマックスガールズ
63,2019/10/01(火) 18:00,ユニット回：ストレイライト,,ストレイライト,,,,https://asobichannel.asobistore.jp/watch/prnqpb3snf,,出演：ストレイライト
64,2019/10/08(火) 18:00,ユニット回：イルミネーションスターズ,,イルミネーションスターズ,,,,https://asobichannel.asobistore.jp/watch/4avxq01gv6p5,,出演：イルミネーションスターズ
65,2019/10/15(火) 18:00,ユニット回：アンティーカ,,アンティーカ,,,,https://asobichannel.asobistore.jp/watch/3kiguo5192d,,出演：アンティーカ
66,2019/10/22(火) 18:00,ユニット回：アルストロメリア,,アルストロメリア,,,,https://asobichannel.asobistore.jp/watch/mrj7j8dxyua,,出演：アルストロメリア
67,2019/10/29(火) 18:00,ユニット回：放課後クライマックスガールズ,,放課後クライマックスガールズ,,,,https://asobichannel.asobistore.jp/watch/3i9_rs4i3,,出演：放課後クライマックスガールズ
68,2019/11/05(火) 18:00,ユニット回：ストレイライト,,ストレイライト,,,,https://asobichannel.asobistore.jp/watch/upln5kkq5f9,,出演：ストレイライト
69,2019/11/11(月) 18:00,ユニット回：イルミネーションスターズ,,イルミネーションスターズ,,,,https://asobichannel.asobistore.jp/watch/u1ivo6cbkua6,,出演：イルミネーションスターズ
70,2019/11/19(火) 18:00,ユニット回：アンティーカ,,アンティーカ,,,,https://asobichannel.asobistore.jp/watch/1jz9-j2fvbxy,,出演：アンティーカ
71,2019/11/26(火) 18:00,ユニット回：アルストロメリア,,アルストロメリア,,,,https://asobichannel.asobistore.jp/watch/tfgc4fo5tb,,出演：アルストロメリア
72,2019/12/03(火) 18:00,ユニット回：放課後クライマックスガールズ,,放課後クライマックスガールズ,,,,https://asobichannel.asobistore.jp/watch/yj_mvzvclk,,出演：放課後クライマックスガールズ
73,2019/12/10(火) 18:00,ユニット回：ストレイライト,,ストレイライト,,,,https://asobichannel.asobistore.jp/watch/rziihb_o9,,出演：ストレイライト
74,2019/12/17(火) 18:00,ユニット回：イルミネーションスターズ,,イルミネーションスターズ,,,,https://asobichannel.asobistore.jp/watch/9eb6937m95c,,出演：イルミネーションスターズ
75,2019/12/24(火) 18:00,ユニット回：アンティーカ,,アンティーカ,,,,https://asobichannel.asobistore.jp/watch/rciucf01w,,出演：アンティーカ
76,2020/01/07(火) 18:00,ユニット回：アルストロメリア,,アルストロメリア,,,,https://asobichannel.asobistore.jp/watch/m3vxnqwa-efb,,出演：アルストロメリア
77,2020/01/14(火) 18:00,ユニット回：放課後クライマックスガールズ,,放課後クライマックスガールズ,,,,https://asobichannel.asobistore.jp/watch/wyrlw53mb0t,,出演：放課後クライマックスガールズ
78,2020/01/21(火) 18:00,ユニット回：ストレイライト,,ストレイライト,,,,https://asobichannel.asobistore.jp/watch/ax2fiyy8w,,出演：ストレイライト
79,2020/01/28(火) 18:00,ユニット回：イルミネーションスターズ,,イルミネーションスターズ,,,,https://asobichannel.asobistore.jp/watch/40nzk_v292,,出演：イルミネーションスターズ
80,2020/02/04(火) 18:00,ユニット回：アンティーカ,,アンティーカ,,,,https://asobichannel.asobistore.jp/watch/vfj32-re_m2j,,出演：アンティーカ
81,2020/02/11(火) 18:00,ユニット回：アルストロメリア,,アルストロメリア,,,,https://asobichannel.asobistore.jp/watch/iiavyc4dh2j,,出演：アルストロメリア
82,2020/02/18(火) 18:00,ユニット回：放課後クライマックスガールズ,,放課後クライマックスガールズ,,,,https://asobichannel.asobistore.jp/watch/u4278rzkt0,,出演：放課後クライマックスガールズ
83,2020/02/25(火) 18:00,ユニット回：ストレイライト,,ストレイライト,,,,https://asobichannel.asobistore.jp/watch/d7esmysfjtdu,,出演：ストレイライト
84,2020/03/03(火) 18:00,ユニット回：イルミネーションスターズ,,イルミネーションスターズ,,,,https://asobichannel.asobistore.jp/watch/n8-4yk-7c,,出演：イルミネーションスターズ
85,2020/03/10(火) 18:00,ユニット回：アンティーカ,,アンティーカ,,,,https://asobichannel.asobistore.jp/watch/j-jwgyjycarr,,出演：アンティーカ
86,2020/03/17(火) 18:00,ユニット回：アルストロメリア,,アルストロメリア,,,,https://asobichannel.asobistore.jp/watch/zt2no6pog,,出演：アルストロメリア
87,2020/03/24(火) 18:00,ユニット回：放課後クライマックスガールズ,,放課後クライマックスガールズ,,,,https://asobichannel.asobistore.jp/watch/azje5cmmw7,,出演：放課後クライマックスガールズ
88,2020/03/31(火) 18:00,ユニット回：ストレイライト,,ストレイライト,,,,https://asobichannel.asobistore.jp/watch/rousfh_94y,,出演：ストレイライト
89,2020/04/07(火) 18:00,ユニット回：イルミネーションスターズ,,イルミネーションスターズ,,,,https://asobichannel.asobistore.jp/watch/rz7zx55qx1f9,,出演：イルミネーションスターズ / 今回から番組リニューアル
90,2020/04/14(火) 18:00,ユニット回：アンティーカ,,アンティーカ,,,,https://asobichannel.asobistore.jp/watch/iab591f9tv,,出演：アンティーカ
91,2020/04/21(火) 18:00,ユニット回：アルストロメリア,,アルストロメリア,,,,https://asobichannel.asobistore.jp/watch/kaaol4hnis5,,出演：アルストロメリア / 電話収録のため内容変更あり
92,2020/04/28(火) 18:00,ユニット回：放課後クライマックスガールズ,,放課後クライマックスガールズ,,,,https://asobichannel.asobistore.jp/watch/ffvwmpald7c,,出演：放課後クライマックスガールズ
93,2020/05/12(火) 18:00,ユニット回：ストレイライト,,ストレイライト,,,,https://asobichannel.asobistore.jp/watch/hk03xy9-0,,出演：ストレイライト
94,2020/05/19(火) 18:00,ユニット回：ノクチル,,ノクチル,,,,https://asobichannel.asobistore.jp/watch/3xs_h9q4yss,,出演：ノクチル(和久井優・土屋李央・田嶌紗蘭・岡咲美保)※番組初登場
95,2020/05/26(火) 18:00,ユニット回：イルミネーションスターズ,,イルミネーションスターズ,,,,https://asobichannel.asobistore.jp/watch/b88c1hj1xv,,出演：イルミネーションスターズ
96,2020/06/02(火) 18:00,ユニット回：アンティーカ,,アンティーカ,,,八巻アンナ,https://asobichannel.asobistore.jp/watch/y0p2mmjxxu_3,,出演：アンティーカ ※八巻アンナはスケジュール都合で欠席
97,2020/06/09(火) 18:00,ユニット回：アルストロメリア,,アルストロメリア,,,,https://asobichannel.asobistore.jp/watch/er6mqkjoulr,,出演：アルストロメリア
98,2020/06/16(火) 18:00,ユニット回：放課後クライマックスガールズ,,放課後クライマックスガールズ,,,,https://asobichannel.asobistore.jp/watch/085n1vmg_y1t,,出演：放課後クライマックスガールズ
99,2020/06/23(火) 18:00,私の心はキュンって言った,,,,,,https://asobichannel.asobistore.jp/watch/yg4t0xmdsy1,,私の心はキュンって言った / ※今回からスタジオ収録を再開
100,2020/06/30(火) 18:00,さすが幼なじみ！,,ノクチル,,,,https://asobichannel.asobistore.jp/watch/ujykmephdr,,さすが幼なじみ！ / 出演：ノクチル
101,2020/07/07(火) 18:00,めぐるって言っていいって言われたし！,,イルミネーションスターズ,,,,https://asobichannel.asobistore.jp/watch/pqumdf7mienc,,めぐるって言っていいって言われたし！ / 出演：イルミネーションスターズ
102,2020/07/14(火) 18:00,動画回 グーサイン出ました,動画回,アンティーカ,,,,https://asobichannel.asobistore.jp/watch/bpjstq86zfu,,動画回 グーサイン出ました / 出演：アンティーカ ※次回登場予定プロデュースアイドルのチラ見せあり
103,2020/07/21(火) 18:00,うっ、頭が…,,アルストロメリア,,,,https://asobichannel.asobistore.jp/watch/vkw7zsqxr,,うっ、頭が… / 出演：アルストロメリア
104,2020/07/28(火) 18:00,なかなかやるじゃねーか,,放課後クライマックスガールズ,,,,https://asobichannel.asobistore.jp/watch/qjimc6rzr,,なかなかやるじゃねーか / 出演：放課後クライマックスガールズ
105,2020/08/04(火) 18:00,動画回,動画回,ストレイライト,,,,https://asobichannel.asobistore.jp/watch/h7p1n1wqsrx,,動画回 / 出演：ストレイライト
106,2020/08/11(火) 18:00,拍手が起こりました,,ノクチル,,,,https://asobichannel.asobistore.jp/watch/paa05qt-hl4,,拍手が起こりました / 出演：ノクチル
107,2020/08/18(火) 18:00,峯田大先生の新作,,イルミネーションスターズ,,,,https://asobichannel.asobistore.jp/watch/h_gvpq4ah5jh,,峯田大先生の新作 / 出演：イルミネーションスターズ
108,2020/08/25(火) 18:00,Pたんだったりする？,,アンティーカ,,,,https://asobichannel.asobistore.jp/watch/hbwtm3xqbcf,,Pたんだったりする？ / 出演：アンティーカ
109,2020/09/01(火) 18:00,得意な科目スキップ,,アルストロメリア,,,,https://asobichannel.asobistore.jp/watch/s-q_6d4mcvh,,得意な科目スキップ / 出演：アルストロメリア
110,2020/09/08(火) 18:00,ワラデューサーの肌ツヤがよくなった,,放課後クライマックスガールズ,,,,https://asobichannel.asobistore.jp/watch/grelxk0k0v80,,ワラデューサーの肌ツヤがよくなった / 出演：放課後クライマックスガールズ
111,2020/09/15(火) 18:00,最高がエベレスト,,ストレイライト,,,,https://asobichannel.asobistore.jp/watch/fvyxekj3md,,最高がエベレスト / 出演：ストレイライト
112,2020/09/29(火) 18:00,動画回 みんなマジ感謝って感じです,動画回,ノクチル,,,,https://asobichannel.asobistore.jp/watch/3-hky381e,,動画回 みんなマジ感謝って感じです / 出演：ノクチル
113,2020/10/06(火) 18:00,いろんな感情にひたれやがれ,,イルミネーションスターズ,,,,https://asobichannel.asobistore.jp/watch/6rfjl4x87b,,いろんな感情にひたれやがれ / 出演：イルミネーションスターズ
114,2020/10/13(火) 18:00,おなじようなもんでしょ,,アンティーカ,,,,https://asobichannel.asobistore.jp/watch/mzy8yl8_fgbt,,おなじようなもんでしょ / 出演：アンティーカ
115,2020/10/20(火) 18:00,動画回,動画回,アルストロメリア,,,,https://asobichannel.asobistore.jp/watch/8v_e6fenqs,,動画回 / 出演：アルストロメリア
116,2020/10/27(火) 18:00,みんなドーン？,,放課後クライマックスガールズ,,,白石晴香,https://asobichannel.asobistore.jp/watch/pp8uhi6eq,,みんなドーン？ / 出演：放課後クライマックスガールズ ※白石晴香はスケジュール都合で欠席
117,2020/11/03(火) 18:00,ユニット回：ストレイライト,,ストレイライト,,,,https://asobichannel.asobistore.jp/watch/cvzmk3uh97,,出演：ストレイライト
118,2020/11/10(火) 18:00,自分の翼で飛びたいんじゃ,,ノクチル,,,,https://asobichannel.asobistore.jp/watch/rx3wjdpzpta,,自分の翼で飛びたいんじゃ / 出演：ノクチル
119,2020/11/17(火) 18:00,動画回 illumination STARS,動画回,イルミネーションスターズ,,,,https://asobichannel.asobistore.jp/watch/fxrywrk69,,動画回 illumination STARS / 出演：イルミネーションスターズ
120,2020/11/24(火) 18:00,練習の成果です,,アンティーカ,,,,https://asobichannel.asobistore.jp/watch/12vqspdqykog,,練習の成果です / 出演：アンティーカ
121,2020/12/01(火) 18:00,ユニット回：アルストロメリア,,アルストロメリア,,,,https://asobichannel.asobistore.jp/watch/fc_yq0z0c,,出演：アルストロメリア
122,2020/12/08(火) 18:00,動画回 私ってベイビーだったんだな,動画回,,,,,https://asobichannel.asobistore.jp/watch/swlfeee44,,動画回 私ってベイビーだったんだな / 「MAPLUSキャラdeナビ」樹里・夏葉ver.の紹介あり
123,2020/12/15(火) 18:00,ストレイライトにしか見せちゃダメ！,,ストレイライト,,,,https://asobichannel.asobistore.jp/watch/zc1kpxta37,,ストレイライトにしか見せちゃダメ！ / 出演：ストレイライト
124,2020/12/22(火) 18:00,ノクチル、満面の笑みでございます,,ノクチル,,,,https://asobichannel.asobistore.jp/watch/sh5p9pac0,,ノクチル、満面の笑みでございます / 出演：ノクチル
125,2021/01/05(火) 18:00,おいでよ、長野に！,,イルミネーションスターズ,,,,https://asobichannel.asobistore.jp/watch/y47cyh2yxhz3,,おいでよ、長野に！ / 出演：イルミネーションスターズ
126,2021/01/12(火) 18:00,動画回 我に力を！右手っ！,動画回,アンティーカ,,,,https://asobichannel.asobistore.jp/watch/w56a7v2oug,,動画回 我に力を！右手っ！ / 出演：アンティーカ
127,2021/01/19(火) 18:00,忘れっちゃった、喋るの…,,アルストロメリア,,,,https://asobichannel.asobistore.jp/watch/g8m3dlxdq,,忘れっちゃった、喋るの… / 出演：アルストロメリア
128,2021/01/26(火) 18:00,忖度をお願いします,,,,,,https://asobichannel.asobistore.jp/watch/j1m8oduiq,,忖度をお願いします / アステラス製薬×バンナム「パックマン・スクワットチャレンジ」連動企画あり https://abc.asobistore.jp/
129,2021/02/02(火) 18:00,大人になっちゃうの…？,,ストレイライト,,,,https://asobichannel.asobistore.jp/watch/e7qh-03wansu,,大人になっちゃうの…？ / 出演：ストレイライト
130,2021/02/09(火) 18:00,動画回 お前が握るんだよ！,動画回,ノクチル,,,,https://asobichannel.asobistore.jp/watch/s89ux4nisghz,,動画回 お前が握るんだよ！ / 出演：ノクチル
131,2021/02/16(火) 18:00,いつも間違えるってみんな知ってるでしょ,,イルミネーションスターズ,,,,https://asobichannel.asobistore.jp/watch/5p2u-3e0a,,いつも間違えるってみんな知ってるでしょ / 出演：イルミネーションスターズ
132,2021/02/23(火) 18:00,出版いたしますわ,,アンティーカ,,,,https://asobichannel.asobistore.jp/watch/4mi4v6pkyk,,出版いたしますわ / 出演：アンティーカ
133,2021/03/02(火) 18:00,せーの、みだり！？,,アルストロメリア,,,,https://asobichannel.asobistore.jp/watch/4vi37pa6_ln0,,せーの、みだり！？ / 出演：アルストロメリア
134,2021/03/09(火) 18:00,マ、マ、マダガスカル？,,放課後クライマックスガールズ,,,,https://asobichannel.asobistore.jp/watch/xuq5c5epslc4,,マ、マ、マダガスカル？ / 出演：放課後クライマックスガールズ
135,2021/03/16(火) 18:00,動画回 教えて、アンティーカ！,動画回,ストレイライト,,,,https://asobichannel.asobistore.jp/watch/45gowfiy12mh,,動画回 教えて、アンティーカ！ / 出演：ストレイライト
136,2021/03/23(火) 18:00,ノクチル、フルネームで呼びがち,,ノクチル,,,岡咲美保,https://asobichannel.asobistore.jp/watch/cdcfwzrwq3,,ノクチル、フルネームで呼びがち / 出演：ノクチル ※岡咲美保が欠席
137,2021/03/30(火) 20:00,特別生配信,生配信,イルミネーションスターズ,,,,https://asobichannel.asobistore.jp/watch/muck1ec6c,,特別生配信 / 出演：イルミネーションスターズ #シャニラジ生配信
138,2021/04/06(火) 18:00,ユニット回：シーズ,,シーズ,,,,https://asobichannel.asobistore.jp/watch/rw4yohm0rnme,,出演: SHHis
139,2021/04/13(火) 18:00,愛着どころじゃない。普段着,,イルミネーションスターズ,,,,https://asobichannel.asobistore.jp/watch/8gy6cy3a48sk,,愛着どころじゃない。普段着 / 出演：イルミネーションスターズ
140,2021/04/20(火) 18:00,みんなさ、座れていいね！,,アンティーカ,,,,https://asobichannel.asobistore.jp/watch/zt7ns931e0j,,みんなさ、座れていいね！ / 出演：アンティーカ
141,2021/04/27(火) 18:00,動画回 差し入れ届いたよ～,動画回,アルストロメリア,,,,https://asobichannel.asobistore.jp/watch/oz7517ox7b8p,,動画回 差し入れ届いたよ～ / 出演：アルストロメリア
142,2021/05/11(火) 18:00,動画回 私はもうみなさんの言うことは聞きません！,動画回,放課後クライマックスガールズ,,,,https://asobichannel.asobistore.jp/watch/c1osrh2lz,,動画回 私はもうみなさんの言うことは聞きません！ / 出演：放課後クライマックスガールズ
143,2021/05/18(火) 18:00,おはようございま～す♪（目がマジ）,,ストレイライト,,,,https://asobichannel.asobistore.jp/watch/64ka1hx8w,,おはようございま～す♪（目がマジ） / 出演：ストレイライト
144,2021/05/25(火) 18:00,寂しくなんてないんだからね！,,ノクチル,,,,https://asobichannel.asobistore.jp/watch/khoh6_2pz2x,,寂しくなんてないんだからね！ / 出演：ノクチル
145,2021/06/01(火) 18:00,動画回 っえぇぇぇ！？（独り言）,動画回,シーズ,,,,https://asobichannel.asobistore.jp/watch/057oqlxjss,,動画回 っえぇぇぇ！？（独り言） / 出演: SHHis
146,2021/06/08(火) 18:00,また泣きそうになっちゃうじゃん！,,イルミネーションスターズ,,,,https://asobichannel.asobistore.jp/watch/p_0_gt501m,,また泣きそうになっちゃうじゃん！ / 出演：イルミネーションスターズ
147,2021/06/15(火) 18:00,私がヒザ神で瑠奈がヒザ神,,アンティーカ,,,,https://asobichannel.asobistore.jp/watch/99ts7jb-v9js,,私がヒザ神で瑠奈がヒザ神 / 出演：アンティーカ
148,2021/06/22(火) 18:00,あの3つの指輪を救ってくれ…！,,アルストロメリア,,,,https://asobichannel.asobistore.jp/watch/mbjms0i3y,,あの3つの指輪を救ってくれ…！ / 出演：アルストロメリア
149,2021/06/29(火) 18:00,みんながステキって言ってくれたから、私は今見て欲しいんだ,,放課後クライマックスガールズ,,,涼本あきほ,https://asobichannel.asobistore.jp/watch/h9xnjb8jnnz4,,みんながステキって言ってくれたから、私は今見て欲しいんだ / 出演：放課後クライマックスガールズ
150,2021/07/06(火) 18:00,あんたどんな仕事持ってきてんのよ！,,ストレイライト,,,,https://asobichannel.asobistore.jp/watch/x7mjh212dp,,あんたどんな仕事持ってきてんのよ！ / 出演：ストレイライト
151,2021/07/13(火) 18:00,やめよう、フラグだよそれ,,ノクチル,,,,https://asobichannel.asobistore.jp/watch/ywkr7hayo,,やめよう、フラグだよそれ / 出演：ノクチル
152,2021/07/20(火) 18:00,こういうのいけたりすんの？,,シーズ,,,,https://asobichannel.asobistore.jp/watch/af-kjo51j,,こういうのいけたりすんの？ / 出演: SHHis
153,2021/07/27(火) 18:00,動画回 八宮めぐるお誕生日おめでとうございます,動画回,イルミネーションスターズ,,,,https://asobichannel.asobistore.jp/watch/37afp1dxtpvp,,動画回 八宮めぐるお誕生日おめでとうございます / 出演：イルミネーションスターズ
154,2021/08/03(火) 18:00,動画回 すごく大きいイチゴじゃないか,動画回,アンティーカ,,,,https://asobichannel.asobistore.jp/watch/m8gv8-_9j,,動画回 すごく大きいイチゴじゃないか / 出演：アンティーカ
155,2021/08/10(火) 18:00,比較的大きな卵がありまして…,,アルストロメリア,,,,https://asobichannel.asobistore.jp/watch/ppsqdyxu9j,,比較的大きな卵がありまして… / 出演：アルストロメリア
156,2021/08/17(火) 18:00,間違いないね！,,放課後クライマックスガールズ,,,,https://asobichannel.asobistore.jp/watch/9fdp02iote,,間違いないね！ / 出演：放課後クライマックスガールズ
157,2021/08/24(火) 18:00,ストレイライトは健康です,,ストレイライト,,,,https://asobichannel.asobistore.jp/watch/8fyxgdhi7o,,ストレイライトは健康です / 出演：ストレイライト
158,2021/08/31(火) 18:00,「いつだって僕らは」だよ！？,,ノクチル,,,,https://asobichannel.asobistore.jp/watch/ouej0aat7s,,「いつだって僕らは」だよ！？ / 出演：ノクチル
159,2021/09/07(火) 18:00,うん…見えるね…,,シーズ,,,,https://asobichannel.asobistore.jp/watch/v2_ud9_zjj,,うん…見えるね… / 出演: SHHis
160,2021/09/14(火) 18:00,それもうフフーフッフーじゃん,,イルミネーションスターズ,,,,https://asobichannel.asobistore.jp/watch/okb4ycwj81,,それもうフフーフッフーじゃん / 出演：イルミネーションスターズ
161,2021/09/21(火) 18:00,ご家族、誰かマジシャンだったりする……？,,アンティーカ,,,成海瑠奈,https://asobichannel.asobistore.jp/watch/e3ky5ps5wrk0,,ご家族、誰かマジシャンだったりする……？ / 出演：アンティーカ ※成海瑠奈は欠席
162,2021/09/28(火) 18:00,動画回 ぽのぽ。ノリストロメリア。がんもどき。,動画回,アルストロメリア,,,,https://asobichannel.asobistore.jp/watch/zw_hh1x6aqz,,動画回 ぽのぽ。ノリストロメリア。がんもどき。 / 出演：アルストロメリア
163,2021/10/05(火) 18:00,ズッキュン！踊ってるの見たい！！,,放課後クライマックスガールズ,,,,https://asobichannel.asobistore.jp/watch/797hqe5bz,,ズッキュン！踊ってるの見たい！！ / 出演：放課後クライマックスガールズ
164,2021/10/12(火) 18:00,はーー今年1番笑った！,,ストレイライト,,,,https://asobichannel.asobistore.jp/watch/v5skp8gvruo3,,はーー今年1番笑った！ / 出演：ストレイライト
165,2021/10/19(火) 18:00,動画回 任せてよリズム！自由にやるから！,動画回,ノクチル,,,,https://asobichannel.asobistore.jp/watch/rm71ph2q93w,,動画回 任せてよリズム！自由にやるから！ / 出演：ノクチル
166,2021/10/26(火) 20:00,生配信,生配信,シーズ,,,,https://asobichannel.asobistore.jp/watch/gnuex8xjnlq,,生配信 / 出演: SHHis #シャニラジ生配信
167,2021/11/02(火) 18:00,はぁ…あったかい,,イルミネーションスターズ,,,近藤玲奈,https://asobichannel.asobistore.jp/watch/4g1bhm88r,,はぁ…あったかい / 出演：イルミネーションスターズ ※近藤玲奈が欠席
168,2021/11/09(火) 18:00,ちょっと本気出しちゃおうかな？,,アンティーカ,,,成海瑠奈,https://asobichannel.asobistore.jp/watch/6fp-kqprz,,ちょっと本気出しちゃおうかな？ / 出演：アンティーカ ※成海瑠奈は欠席
169,2021/11/16(火) 18:00,甜花ショック！！,,アルストロメリア,,,,https://asobichannel.asobistore.jp/watch/tfg6zdxqi0f,,甜花ショック！！ / 出演：アルストロメリア
170,2021/11/23(火) 18:00,カフェ高山にみんなで行きましょう,,放課後クライマックスガールズ,,,白石晴香,https://asobichannel.asobistore.jp/watch/7q60l_hwv_ji,,カフェ高山にみんなで行きましょう / 出演：放課後クライマックスガールズ ※白石晴香が欠席
171,2021/11/30(火) 18:00,動画回 バグがすごいぞ～,動画回,ストレイライト,,,,https://asobichannel.asobistore.jp/watch/j956r15_y,,動画回 バグがすごいぞ～ / 出演：ストレイライト
172,2021/12/07(火) 18:00,美保に怒られちゃうよ！,,ノクチル,,,岡咲美保,https://asobichannel.asobistore.jp/watch/1_-uvh9_9kur,,美保に怒られちゃうよ！ / 出演：ノクチル ※岡咲美保が欠席
173,2021/12/14(火) 18:00,動画回 最終結果はいかに…！？,動画回,シーズ,,,,https://asobichannel.asobistore.jp/watch/7975wtr1o_3l,,動画回 最終結果はいかに…！？ / 出演: SHHis
174,2021/12/21(火) 18:00,それ以上の回答だせない,,イルミネーションスターズ,,,,https://asobichannel.asobistore.jp/watch/cyoa0t897p4n,,それ以上の回答だせない / 出演：イルミネーションスターズ
175,2021/12/28(火) 18:00,ここからここまで全部ください,,アンティーカ,,,礒部花凜・成海瑠奈,https://asobichannel.asobistore.jp/watch/epx7dfxnl8v3,,ここからここまで全部ください / 出演：アンティーカ ※礒部花凜・成海瑠奈は欠席
176,2022/01/11(火) 18:00,エモじゃんっ！！！,,アルストロメリア,,,,https://asobichannel.asobistore.jp/watch/5gh0allvruq,,エモじゃんっ！！！ / 出演：アルストロメリア
177,2022/01/18(火) 18:00,動画回 はい ハナマル！,動画回,放課後クライマックスガールズ,,,丸岡和佳奈,https://asobichannel.asobistore.jp/watch/zvf3tugzff,,動画回 はい ハナマル！ / 出演：放課後クライマックスガールズ ※丸岡和佳奈がお休み
178,2022/01/25(火) 18:00,マント脱いだら野球少年,,ストレイライト,,,,https://asobichannel.asobistore.jp/watch/hwwpmi8stu,,マント脱いだら野球少年 / 出演：ストレイライト
179,2022/02/01(火) 18:00,心が職人なんだよね,,ノクチル,,,,https://asobichannel.asobistore.jp/watch/9m0eag4mun5,,心が職人なんだよね / 出演：ノクチル
180,2022/02/08(火) 18:00,髪すっごい綺麗だよねっ！？,,シーズ,,,,https://asobichannel.asobistore.jp/watch/59hc396la7,,髪すっごい綺麗だよねっ！？ / 出演: SHHis
181,2022/02/15(火) 18:00,動画回 練習したらできますよ,動画回,イルミネーションスターズ,,,,https://asobichannel.asobistore.jp/watch/2xml668i5,,動画回 練習したらできますよ / 出演：イルミネーションスターズ
182,2022/02/22(火) 18:00,リーダーからのありがたいお言葉でした,,アンティーカ,,,成海瑠奈,https://asobichannel.asobistore.jp/watch/8hks9y2jv,,リーダーからのありがたいお言葉でした / 出演：アンティーカ
183,2022/03/01(火) 18:00,動画回 企画部行ってきなよっ…！,動画回,アルストロメリア,,,,https://asobichannel.asobistore.jp/watch/9swl4ddybqy,,動画回 企画部行ってきなよっ…！ / 出演：アルストロメリア
184,2022/03/08(火) 18:00,ボールに遊ばれてたよね,,放課後クライマックスガールズ,,,,https://asobichannel.asobistore.jp/watch/6gn-z19g2f,,ボールに遊ばれてたよね / 出演：放課後クライマックスガールズ
185,2022/03/15(火) 18:00,私の事はいいからっ…！,,ストレイライト,,,,https://asobichannel.asobistore.jp/watch/n_tqbn4chxw,,私の事はいいからっ…！ / 出演：ストレイライト
186,2022/03/22(火) 18:00,これ、選挙ですか？,,ノクチル,,,,https://asobichannel.asobistore.jp/watch/vot1vdk6k,,これ、選挙ですか？ / 出演：ノクチル
187,2022/03/27(日) 20:00,特別生配信,生配信,シーズ,,,,https://asobichannel.asobistore.jp/watch/vqb42nddumx,,特別生配信 / 出演: SHHis
188,2022/04/05(火) 18:00,全国のプロデューサーさん達に拡散して下さい,,イルミネーションスターズ,,,,https://asobichannel.asobistore.jp/watch/8zjh2gr3r4g,,全国のプロデューサーさん達に拡散して下さい / 今回から番組コーナーリニューアル
189,2022/04/12(火) 18:00,CD「PANOR@MA WING 01」リリースSP 良かった、私この場に居れて！,,,,峯田茉優、河野ひより、前川涼子、北原沙弥香,,https://asobichannel.asobistore.jp/watch/lr_mzawhh,,CD「PANOR@MA WING 01」リリースSP 良かった、私この場に居れて！ / 出演：峯田茉優、河野ひより、前川涼子、北原沙弥香
190,2022/04/19(火) 18:00,アニメイトカフェコラボ「FRUIT PARLOR」開催記念SP（動画回）,動画回,,,八巻アンナ、丸岡和佳奈、田嶌紗蘭,,https://asobichannel.asobistore.jp/watch/hxo6zt4vzi,,アニメイトカフェコラボ「FRUIT PARLOR」開催記念SP（動画回） / 出演：八巻アンナ、丸岡和佳奈、田嶌紗蘭 https://cafe.animate.co.jp/event/shinycolors2204/
191,2022/04/26(火) 18:00,動画回 ラジオ体操アンティーカ,動画回,アンティーカ,,,菅沼千沙,https://asobichannel.asobistore.jp/watch/m66yn3_2-h,,動画回 ラジオ体操アンティーカ / 出演：アンティーカ ※希水しおが番組初登場、菅沼千紗はお休み(朗読劇パートのみ出演)
192,2022/05/10(火) 18:00,買うよん！過ごすよん！乗り切るよん！,,アルストロメリア,,,,https://asobichannel.asobistore.jp/watch/0tj4dbuj30,,買うよん！過ごすよん！乗り切るよん！ / 出演：アルストロメリア
193,2022/05/17(火) 18:00,なんとお淑やかにおよだを,,放課後クライマックスガールズ,,,,https://asobichannel.asobistore.jp/watch/acjj4-ike,,なんとお淑やかにおよだを / 出演：放課後クライマックスガールズ
194,2022/05/24(火) 18:00,動画回 冬優子には攻めて欲しかったんだって！,動画回,ストレイライト,,,,https://asobichannel.asobistore.jp/watch/xs76r-szlktg,,動画回 冬優子には攻めて欲しかったんだって！ / 出演：ストレイライト
195,2022/05/31(火) 18:00,多分勝算があったんだろうね、この賭けには,,ノクチル,,,,https://asobichannel.asobistore.jp/watch/1t23zvwf-5,,多分勝算があったんだろうね、この賭けには / 出演：ノクチル
196,2022/06/07(火) 18:00,動画回 腕はここからじゃなくてここから生えてるから…,動画回,シーズ,,,,https://asobichannel.asobistore.jp/watch/kw_iwmw8ipz,,動画回 腕はここからじゃなくてここから生えてるから… / 出演: SHHis
197,2022/06/14(火) 18:00,番組4周年特別越境回 パンクとか…良くない？バンド！？,,,,礒部花凜、永井真里子、北原沙弥香、土屋李央,,https://asobichannel.asobistore.jp/watch/zthdw_iys,,番組4周年特別越境回 パンクとか…良くない？バンド！？ / 出演：礒部花凜、永井真里子、北原沙弥香、土屋李央
198,2022/06/21(火) 18:00,プロデューサー兼キャストなんだね,,イルミネーションスターズ,,,,https://asobichannel.asobistore.jp/watch/wyj-xi6kvg,,プロデューサー兼キャストなんだね / 出演：イルミネーションスターズ
199,2022/06/28(火) 18:00,礒部がマジメモードの話とか営業妨害だから,,アンティーカ,,,,https://asobichannel.asobistore.jp/watch/x2tmcdjmv-c,,礒部がマジメモードの話とか営業妨害だから / 出演：アンティーカ
200,2022/07/05(火) 18:00,え…隙間風…？,,アルストロメリア,,,,https://asobichannel.asobistore.jp/watch/pack1t-8fc,,え…隙間風…？ / 出演：アルストロメリア
201,2022/07/12(火) 18:00,じゃ、樹里ちゃんには、これからW.I.N.G.に出てもらいます,,放課後クライマックスガールズ,,,白石晴香・永井真里子,https://asobichannel.asobistore.jp/watch/d9o138l-1e,,じゃ、樹里ちゃんには、これからW.I.N.G.に出てもらいます / 出演：放課後クライマックスガールズ ※白石晴香・永井真里子がお休み
202,2022/07/19(火) 18:00,アイマスこそが青春だよね,,ストレイライト,,,,https://asobichannel.asobistore.jp/watch/0ytvmyboxxji,,アイマスこそが青春だよね / 出演：ストレイライト
203,2022/07/26(火) 18:00,動画回 田嶌だったら騙せるってこと？！,動画回,ノクチル,,,岡咲美保,https://asobichannel.asobistore.jp/watch/lgpuy3syyek0,,動画回 田嶌だったら騙せるってこと？！ / 出演：ノクチル ※岡咲美保がお休み(朗読劇のみ出演)
204,2022/08/02(火) 18:00,早い段階で食べてる,,シーズ,,,,https://asobichannel.asobistore.jp/watch/xzb77_9on4s,,早い段階で食べてる / 出演: SHHis
205,2022/08/09(火) 18:00,動画回 ぽいよ。テンションがめちゃめちゃ高い時のれいれい,動画回,イルミネーションスターズ,,,近藤玲奈,https://asobichannel.asobistore.jp/watch/rzlby-_tpc1w,,動画回 ぽいよ。テンションがめちゃめちゃ高い時のれいれい / 出演：イルミネーションスターズ ※近藤玲奈がお休み(朗読劇のみ出演)
206,2022/08/16(火) 18:00,プロの霧子だったわけよ,,アンティーカ,,,菅沼千沙・希水しお,https://asobichannel.asobistore.jp/watch/81o3b_n7f2ht,,プロの霧子だったわけよ / 出演：アンティーカ ※菅沼千紗・希水しおがお休み
207,2022/08/23(火) 20:00,SETSUNABEAT振り返り生配信,生配信,,,河野ひより、前川涼子、土屋李央,,https://asobichannel.asobistore.jp/watch/jlug1n2tk8,,特別生配信・越境回 / 出演：河野ひより、前川涼子、土屋李央 #シャニラジ生配信
208,2022/08/30(火) 18:00,感情がジェットコースターだったよ,,アルストロメリア,,,,https://asobichannel.asobistore.jp/watch/6ob1nozf2p4g,,感情がジェットコースターだったよ / 出演：アルストロメリア
209,2022/09/06(火) 18:00,動画回 沈黙を自分の味方にする,動画回,放課後クライマックスガールズ,,,白石晴香,https://asobichannel.asobistore.jp/watch/ezp_jh_88v5r,,動画回 沈黙を自分の味方にする / 出演：放課後クライマックスガールズ ※白石晴香がお休み(朗読劇のみ出演)
210,2022/09/13(火) 18:00,寿司行きたーい（ゆきのおごりで）,,ストレイライト,,,,https://asobichannel.asobistore.jp/watch/viwfkul6q,,寿司行きたーい（ゆきのおごりで） / 出演：ストレイライト
211,2022/09/20(火) 18:00,それはそれで、いい解釈！,,ノクチル,,,岡咲美保,https://asobichannel.asobistore.jp/watch/ovcnwmpe9,,それはそれで、いい解釈！ / 出演：ノクチル ※岡咲美保が欠席
212,2022/09/27(火) 18:00,目薬を持ってくるんだぞ！,,シーズ,,,,https://asobichannel.asobistore.jp/watch/ye0lqcoe2lrr,,目薬を持ってくるんだぞ！ / 出演: SHHis
213,2022/10/04(火) 18:00,humburger⤵? humburger⤴?,,イルミネーションスターズ,,,近藤玲奈,https://asobichannel.asobistore.jp/watch/y5pisp6u60,,humburger⤵? humburger⤴? / 出演：イルミネーションスターズ
214,2022/10/11(火) 18:00,霧子お休み読み聞かせボイス販売してくれない？！,,アンティーカ,,,,https://asobichannel.asobistore.jp/watch/55at3gulju61,,霧子お休み読み聞かせボイス販売してくれない？！ / 出演：アンティーカ
215,2022/10/18(火) 18:00,動画回 芳醇な紫の香り…,動画回,アルストロメリア,,,,https://asobichannel.asobistore.jp/watch/fmyf-r1pls,,動画回 芳醇な紫の香り… / 出演：アルストロメリア
216,2022/10/27(木) 19:00,MUGENBEAT振り返り生配信,生配信,,,希水しお、幸村恵理、紫月杏朱彩,,https://asobichannel.asobistore.jp/watch/8y9ytcxad4dq,,越境回・生配信 / 出演：希水しお、幸村恵理、紫月杏朱彩
217,2022/11/01(火) 18:00,高山'sポイント！,,,,高山祐介,,https://asobichannel.asobistore.jp/watch/yn69_qka6,,高山'sポイント！ / 出演：高山祐介
218,2022/11/08(火) 18:00,甘い卵焼きで、米を食う！？,,放課後クライマックスガールズ,,,,https://asobichannel.asobistore.jp/watch/6fr-_65jjhp,,甘い卵焼きで、米を食う！？ / 出演：放課後クライマックスガールズ
219,2022/11/15(火) 18:00,そんじょそこらの沙弥香じゃないから。,,ストレイライト,,,,https://asobichannel.asobistore.jp/watch/d_-i8yf-ttmo,,そんじょそこらの沙弥香じゃないから。 / 出演：ストレイライト
220,2022/11/22(火) 18:00,ハムさん目線で考えました,,ノクチル,,,岡咲美保,https://asobichannel.asobistore.jp/watch/oev_2253b,,ハムさん目線で考えました / 出演：ノクチル ※岡咲美保がお休み
221,2022/11/29(火) 18:00,動画回 エモみざわだった…,動画回,シーズ,,,,https://asobichannel.asobistore.jp/watch/fat0kf0qxs,,動画回 エモみざわだった… / 出演: SHHis
222,2022/12/06(火) 18:00,表に出さない写真でしょ？送ってよ,,イルミネーションスターズ,,,,https://asobichannel.asobistore.jp/watch/q1co_iu-9uv,,表に出さない写真でしょ？送ってよ / 出演：イルミネーションスターズ
223,2022/12/13(火) 18:00,動画回 今後の待遇が変わるだけで、責めはしない,動画回,アンティーカ,,,,https://asobichannel.asobistore.jp/watch/tvl9gp9kig,,動画回 今後の待遇が変わるだけで、責めはしない / 出演：アンティーカ
224,2022/12/20(火) 18:00,子供たちぃ～集まれーっ！,,アルストロメリア,,,,https://asobichannel.asobistore.jp/watch/1kreiqgu6hah,,子供たちぃ～集まれーっ！ / 出演：アルストロメリア
225,2022/12/27(火) 18:00,強欲だよ？涼本さん,,放課後クライマックスガールズ,,,,https://asobichannel.asobistore.jp/watch/ze-kyx5pe,,強欲だよ？涼本さん / 出演：放課後クライマックスガールズ
226,2023/01/10(火) 18:00,動画回 私たちが縁です,動画回,ストレイライト,,,,https://asobichannel.asobistore.jp/watch/wjg97opnm,,動画回 私たちが縁です / 出演：ストレイライト
227,2023/01/17(火) 18:00,あなたは最高よ！！,,ノクチル,,,土屋李央,https://asobichannel.asobistore.jp/watch/srd1s8wfgmq,,あなたは最高よ！！ / 出演：ノクチル ※土屋李央はお休み
228,2023/01/24(火) 18:00,この壁が白だったらもう…うち。,,シーズ,,,,https://asobichannel.asobistore.jp/watch/x9zvh4d_qk,,この壁が白だったらもう…うち。 / 出演: SHHis
229,2023/01/31(火) 18:00,玲奈ちゃん、元気！,,イルミネーションスターズ,,,,https://asobichannel.asobistore.jp/watch/q1u1_zeq3y,,玲奈ちゃん、元気！ / 出演：イルミネーションスターズ
230,2023/02/07(火) 18:00,噓でしょ⁉ アンちゃんA型だったの？,,アンティーカ,,,,https://asobichannel.asobistore.jp/watch/5s_8u08jt,,噓でしょ⁉ アンちゃんA型だったの？ / 出演：アンティーカ
231,2023/02/14(火) 18:00,もうキッズ坊や出てきちゃった,,アルストロメリア,,,,https://asobichannel.asobistore.jp/watch/rt0kiwv4yo,,もうキッズ坊や出てきちゃった / 出演：アルストロメリア
232,2023/02/21(火) 18:00,動画回 リアルに疲れてると思われるんじゃないかな？,動画回,放課後クライマックスガールズ,,,,https://asobichannel.asobistore.jp/watch/avm0-ncva7,,動画回 リアルに疲れてると思われるんじゃないかな？ / 出演：放課後クライマックスガールズ
233,2023/02/28(火) 18:00,話したいことが多すぎる…！,,ストレイライト,,,,https://asobichannel.asobistore.jp/watch/p3box7-ak5b,,話したいことが多すぎる…！ / 出演：ストレイライト
234,2023/03/07(火) 18:00,動画回 威圧感じゃなくてオーラです,動画回,ノクチル,,,,https://asobichannel.asobistore.jp/watch/4ztsdfn40oy,,動画回 威圧感じゃなくてオーラです / 出演：ノクチル
235,2023/03/14(火) 18:00,“綺さん”…!?,,シーズ,,,,https://asobichannel.asobistore.jp/watch/wx1lsie4wlqk,,“綺さん”…!? / 出演: SHHis
236,2023/03/21(火) 21:00,5th振り返り生配信,生配信,,,峯田茉優、八巻アンナ、田中有紀、紫月杏朱彩,,https://asobichannel.asobistore.jp/watch/d6s1gryy04,,越境回・生配信 / 出演：峯田茉優、八巻アンナ、田中有紀、紫月杏朱彩
237,2023/03/28(火) 18:00,うずうずうずうず ぴよぴよぴよぴよ ほわほわほわほわ,,イルミネーションスターズ,,,,https://asobichannel.asobistore.jp/watch/mw9kotl738g,,うずうずうずうず ぴよぴよぴよぴよ ほわほわほわほわ / 出演：イルミネーションスターズ
238,2023/04/04(火) 18:00,ホントに俺たちここの陣地とった？,,アンティーカ,,,,https://asobichannel.asobistore.jp/watch/aed45hyobl,,ホントに俺たちここの陣地とった？ / 出演：アンティーカ
239,2023/04/11(火) 18:00,特別回 今回はリラックスしてます,,,,高山祐介,,https://asobichannel.asobistore.jp/watch/saw6lf4wyoed,,特別回 今回はリラックスしてます / 出演：高山祐介
240,2023/04/18(火) 18:00,動画回 3人一緒なの珍しくなかった？,動画回,アルストロメリア,,,,https://asobichannel.asobistore.jp/watch/d1oxpr414y,,動画回 3人一緒なの珍しくなかった？ / 出演：アルストロメリア
241,2023/04/25(火) 18:00,有栖川夏葉さんが環境大臣に任命されたということで,,放課後クライマックスガールズ,,,,https://asobichannel.asobistore.jp/watch/yf5358a52xjz,,有栖川夏葉さんが環境大臣に任命されたということで / 出演：放課後クライマックスガールズ
242,2023/05/09(火) 18:00,えりちゃんはどう？＼エリチャンモソウオモウ！／,,ストレイライト,,,幸村恵理,https://asobichannel.asobistore.jp/watch/t2vg_dquy5h,,えりちゃんはどう？＼エリチャンモソウオモウ！／ / 出演：ストレイライト ※幸村恵理が欠席
243,2023/05/16(火) 18:00,おいしいとこ狙ってこー？,,ノクチル,,,,https://asobichannel.asobistore.jp/watch/hqkxtcajlh21,,おいしいとこ狙ってこー？ / 出演：ノクチル
244,2023/05/23(火) 18:00,ややさんは坂とかにいなさそう,,シーズ,,,,https://asobichannel.asobistore.jp/watch/auv7we-8r5,,ややさんは坂とかにいなさそう / 出演: SHHis
245,2023/05/30(火) 18:00,動画回 誕生日プレゼントとして投票するのもいいんじゃないでしょうか,動画回,イルミネーションスターズ,,,近藤玲奈,https://asobichannel.asobistore.jp/watch/fxy8y9hts6dj,,動画回 誕生日プレゼントとして投票するのもいいんじゃないでしょうか / 出演：イルミネーションスターズ ※近藤玲奈がお休み(朗読劇のみ出演)
246,2023/06/06(火) 18:00,君たちにはまだ早いよ,,アンティーカ,,,,https://asobichannel.asobistore.jp/watch/3ris4nghec,,君たちにはまだ早いよ / 出演：アンティーカ
247,2023/06/13(火) 18:00,このコーナーいつもぽのちゃんに怒られる…,,アルストロメリア,,,,https://asobichannel.asobistore.jp/watch/7_dd88ebl2c,,このコーナーいつもぽのちゃんに怒られる… / 出演：アルストロメリア
248,2023/06/20(火) 18:00,動画回 脳内のはるすがアホ過ぎる,動画回,放課後クライマックスガールズ,,,永井真里子,https://asobichannel.asobistore.jp/watch/6h8h-wr1gvhk,,動画回 脳内のはるすがアホ過ぎる / 出演：放課後クライマックスガールズ ※永井真里子がお休み(朗読劇のみ出演)
249,2023/06/27(火) 18:00,ストレイライトモノマネ大会,,ストレイライト,,,,https://asobichannel.asobistore.jp/watch/auw58frb0,,ストレイライトモノマネ大会 / 出演：ストレイライト
250,2023/07/04(火) 18:00,小糸のソロ曲、カラオケで歌ってるよ！,,ノクチル,,,岡咲美保,https://asobichannel.asobistore.jp/watch/k5gorsxq_l,,小糸のソロ曲、カラオケで歌ってるよ！ / 出演：ノクチル ※岡咲美保が欠席(4コマ漫画と朗読劇のみ出演)
251,2023/07/11(火) 18:00,動画回 マイナスになることはないから、安心して…！,動画回,シーズ,,,,https://asobichannel.asobistore.jp/watch/yly2hyusnds2,,動画回 マイナスになることはないから、安心して…！ / 出演: SHHis
252,2023/07/18(火) 18:00,「わがまま」って漢字で書けますか？,,,,,,https://asobichannel.asobistore.jp/watch/3dgc_6gtd,,「わがまま」って漢字で書けますか？ / ラジオ横断企画!!!!!「パーティーソングマスター」あり
253,2023/07/27(木) 20:00,我儘なまま振り返り生配信,生配信,,,"結名美月, 丸岡和佳奈, 山根綺, 川口莉奈",,https://asobichannel.asobistore.jp/watch/6ghrgo5356zw,,"越境回・生配信 / 出演: 結名美月, 丸岡和佳奈, 山根綺, 川口莉奈"
254,2023/08/01(火) 18:00,気づかいぶつかり稽古,,アンティーカ,,,礒部花凜,https://asobichannel.asobistore.jp/watch/ae3egwknv,,気づかいぶつかり稽古 / 出演：アンティーカ ※礒部花凜が欠席(4コマ漫画と朗読劇のみ出演)
255,2023/08/08(火) 18:00,ちゅ…ぱくっ…,,アルストロメリア,,,,https://asobichannel.asobistore.jp/watch/vd-71xqtg,,ちゅ…ぱくっ… / 出演：アルストロメリア
256,2023/08/22(火) 18:00,走りまくった。端だけに,,放課後クライマックスガールズ,,,,https://asobichannel.asobistore.jp/watch/qboniqqijzr,,走りまくった。端だけに / 出演：放課後クライマックスガールズ
257,2023/08/29(火) 18:00,動画回 イミゴ？イミスト？,動画回,ストレイライト,,,,https://asobichannel.asobistore.jp/watch/yw12312i8a8,,動画回 イミゴ？イミスト？ / 出演：ストレイライト
258,2023/09/05(火) 18:00,二つ名「自己犠牲の田嶌」,,ノクチル,,,,https://asobichannel.asobistore.jp/watch/fhzta4d6ojxy,,二つ名「自己犠牲の田嶌」 / 出演：ノクチル
259,2023/09/12(火) 18:00,アーティストだった…！,,シーズ,,,,https://asobichannel.asobistore.jp/watch/gf9f9z8xbhp,,アーティストだった…！ / 出演: SHHis
260,2023/09/19(火) 18:00,1人で観覧車に乗ってみました。楽しかったです,,イルミネーションスターズ,,,,https://asobichannel.asobistore.jp/watch/8c6ri6esbt,,1人で観覧車に乗ってみました。楽しかったです / 出演：イルミネーションスターズ
261,2023/09/26(火) 18:00,動画回 温泉……あ、言っちゃダメだ,動画回,アンティーカ,,,,https://asobichannel.asobistore.jp/watch/nicelm7ra,,動画回 温泉……あ、言っちゃダメだ / 出演：アンティーカ
262,2023/10/03(火) 18:00,前の川で涼んでる子供。,,アルストロメリア,,,,https://asobichannel.asobistore.jp/watch/mt39fhiun3j,,前の川で涼んでる子供。 / 出演：アルストロメリア
263,2023/10/10(火) 18:00,いやー、これは一本取られましたなぁ,,放課後クライマックスガールズ,,,,https://asobichannel.asobistore.jp/watch/r9xn3ji07,,いやー、これは一本取られましたなぁ / 出演：放課後クライマックスガールズ
264,2023/10/17(火) 18:00,私たちが波動ってこと!?,,ストレイライト,,,,https://asobichannel.asobistore.jp/watch/p8fffol5mn,,私たちが波動ってこと!? / 出演：ストレイライト
265,2023/10/24(火) 18:00,5.5th振り返り生配信,生配信,,,希水しお、芝崎典子、幸村恵理、田嶌紗蘭,,https://asobichannel.asobistore.jp/watch/gqm6t2bk56l7,,越境回・生配信 / 出演：希水しお、芝崎典子、幸村恵理、田嶌紗蘭
266,2023/10/31(火) 18:00,動画回 優ちゃんのことが分からない…こんなに一緒にいるのに…！,動画回,ノクチル,,,,https://asobichannel.asobistore.jp/watch/was382vd1v,,動画回 優ちゃんのことが分からない…こんなに一緒にいるのに…！ / 出演：ノクチル
267,2023/11/07(火) 18:00,うわ～授業しっかり受けてたらどうしよう…！,,シーズ,,,,https://asobichannel.asobistore.jp/watch/lmbnxo559,,うわ～授業しっかり受けてたらどうしよう…！ / 出演: SHHis
268,2023/11/14(火) 18:00,コメティックがシャニラジに襲来！,,コメティック,,,,https://asobichannel.asobistore.jp/watch/miid8kzn7j,,コメティックがシャニラジに襲来！ / 出演：コメティック ※川口莉奈はリモート出演
269,2023/11/21(火) 18:00,動画回 おもしれーこの小説。読みてー,動画回,イルミネーションスターズ,,,近藤玲奈,https://asobichannel.asobistore.jp/watch/2hvq1c7mj,,動画回 おもしれーこの小説。読みてー / 出演：イルミネーションスターズ ※近藤玲奈がお休み(4コマ漫画と朗読劇のみ出演)
270,2023/11/28(火) 18:00,私は咲耶にアルストロメリアを踊らせてるよ,,アンティーカ,,,礒部花凜・菅沼千沙,https://asobichannel.asobistore.jp/watch/3necuthmohlc,,私は咲耶にアルストロメリアを踊らせてるよ / 出演：アンティーカ ※礒部花凜と菅沼千紗は朗読劇のみ出演
271,2023/12/05(火) 18:00,動画回 嘘だ！慌ててたもん！,動画回,アルストロメリア,,,,https://asobichannel.asobistore.jp/watch/yzylaabng,,動画回 嘘だ！慌ててたもん！ / 出演：アルストロメリア
272,2023/12/12(火) 18:00,いや、ちょ、本番良すぎたな,,放課後クライマックスガールズ,,,涼本あきほ,https://asobichannel.asobistore.jp/watch/q64gyf1re3,,いや、ちょ、本番良すぎたな / 出演：放課後クライマックスガールズ ※涼本あきほは体調不良でお休み(朗読劇もなし)
273,2023/12/19(火) 18:00,カラス(CV.ストレイライト),,ストレイライト,,,,https://asobichannel.asobistore.jp/watch/f9hydre4cp,,カラス(CV.ストレイライト) / 出演：ストレイライト
274,2023/12/26(火) 18:00,思ったより爽やかなPが来た,,ノクチル,,,岡咲美保,https://asobichannel.asobistore.jp/watch/0js99xby0zgm,,思ったより爽やかなPが来た / ※年内最終配信、次回配信は来年1/9
275,2024/01/09(火) 18:00,メンタリストになっていい???,,シーズ,,,,https://asobichannel.asobistore.jp/watch/we4vzsq6x7,,メンタリストになっていい??? / 出演: SHHis
276,2024/01/16(火) 18:00,動画回 私がドヤってた！,動画回,コメティック,,,,https://asobichannel.asobistore.jp/watch/j5piisoej,,動画回 私がドヤってた！ / 出演：コメティック
277,2024/01/23(火) 18:00,真乃ってすごいのよ！,,イルミネーションスターズ,,,,https://asobichannel.asobistore.jp/watch/rfndvvlsp4b,,真乃ってすごいのよ！ / 出演：イルミネーションスターズ
278,2024/01/30(火) 18:00,え、絶対に探すの？,,アンティーカ,,,,https://asobichannel.asobistore.jp/watch/0cw9vehyooaq,,え、絶対に探すの？ / 出演：アンティーカ
279,2024/02/06(火) 18:00,責任は50/50だから！,,アルストロメリア,,,,https://asobichannel.asobistore.jp/watch/7q5dzfha51,,責任は50/50だから！ / 出演：アルストロメリア
280,2024/02/13(火) 18:00,動画回 あ、いい音ですね,動画回,放課後クライマックスガールズ,,,白石晴香,https://asobichannel.asobistore.jp/watch/2z0ph9g030,,動画回 あ、いい音ですね / 出演：放課後クライマックスガールズ ※白石晴香はお休み(朗読劇のみ出演)
281,2024/02/20(火) 18:00,このままだと恵理ちゃんの頭を…,,ストレイライト,,,,https://asobichannel.asobistore.jp/watch/8kvfp0jthx2,,このままだと恵理ちゃんの頭を… / 出演：ストレイライト
282,2024/02/27(火) 18:00,フリーが1番難しい！,,ノクチル,,,岡咲美保,https://asobichannel.asobistore.jp/watch/j6tbe7ll0c,,フリーが1番難しい！ / 出演：ノクチル ※岡咲美保がお休み(朗読劇のみ出演)
283,2024/03/07(木) 21:30,6th大阪振り返り生配信,生配信,,,関根瞳、礒部花凜、和久井優,,https://asobichannel.asobistore.jp/watch/qk64enuztlh0,,越境回・生配信 / 出演：関根瞳、礒部花凜、和久井優 ※小澤麗那は体調不良のためお休み #シャニラジ生配信
284,2024/03/12(火) 18:00,動画回 私は、タンって習いました。,動画回,シーズ,,,,https://asobichannel.asobistore.jp/watch/4qqfici5k2l,,動画回 私は、タンって習いました。 / 出演: SHHis
285,2024/03/19(火) 18:00,2人とも動じないよね,,コメティック,,,,https://asobichannel.asobistore.jp/watch/i117bfld3,,2人とも動じないよね / 出演：コメティック
286,2024/03/26(火) 18:00,どうですか？触れてください4コマに！,,イルミネーションスターズ,,,近藤玲奈,https://asobichannel.asobistore.jp/watch/0v4hwhuqchag,,どうですか？触れてください4コマに！ / 出演：イルミネーションスターズ ※近藤玲奈はお休み
287,2024/04/02(火) 18:00,どっひゃー,,アンティーカ,,,礒部花凜・希水しお,https://asobichannel.asobistore.jp/watch/mfptv25vp,,どっひゃー / 出演：アンティーカ ※礒部花凜と希水しおはお休み
288,2024/04/09(火) 18:00,「自分の欲など無さそうに……」「ありそうだよ？」,,アルストロメリア,,,,https://asobichannel.asobistore.jp/watch/gv4uxa43w,,「自分の欲など無さそうに……」「ありそうだよ？」 / 出演：アルストロメリア
289,2024/04/16(火) 18:00,『どうなってるんですかこの店は！』『お客様落ち着いてください』,,放課後クライマックスガールズ,,,河野ひより・丸岡和佳奈,https://asobichannel.asobistore.jp/watch/wshjmpx3gc,,『どうなってるんですかこの店は！』『お客様落ち着いてください』 / 出演：放課後クライマックスガールズ ※河野ひよりと丸岡和佳奈はお休み
290,2024/04/23(火) 20:00,6th横浜振り返り生配信,生配信,,,八巻アンナ、涼本あきほ、前川涼子、紫月杏朱彩,,https://asobichannel.asobistore.jp/watch/90j3l2nuaid,,越境回・生配信 / 出演：八巻アンナ、涼本あきほ、前川涼子、紫月杏朱彩
291,2024/07/09(火) 22:00,マンスリーMC：田中有紀,,,田中有紀,菅沼千沙・田嶌紗蘭,,https://asobichannel.asobistore.jp/watch/ulgm4ch6s,,マンスリーMC：田中有紀、ゲスト：菅沼千紗、田嶌紗蘭 #芹沢あさひのHBTK / 今回から通常更新再開、MCはキャスト月替わり制に移行・配信時間変更
292,2024/07/16(火) 22:00,マンスリーMC：田中有紀,,,田中有紀,涼本あきほ・前川涼子,,https://asobichannel.asobistore.jp/watch/purfp9egs0un,,マンスリーMC：田中有紀、ゲスト：涼本あきほ、前川涼子 #芹沢あさひのHBTK
293,2024/07/23(火) 22:00,ユニット回：ストレイライト,,ストレイライト,田中有紀,幸村恵理・北原沙弥香,,https://asobichannel.asobistore.jp/watch/nv2nab518e,,マンスリーMC：田中有紀、ゲスト：幸村恵理、北原沙弥香 #芹沢あさひのHBTK
294,2024/07/31(水) 20:30,LIVEFUN振り返り生配信,生配信,,,峯田茉優・芝崎典子・北原沙弥香・小澤麗那,,https://asobichannel.asobistore.jp/watch/2sad955bp1,,生配信 / 出演：峯田茉優、芝崎典子、北原沙弥香、小澤麗那
295,2024/08/06(火) 22:00,マンスリーMC：紫月杏朱彩,,,紫月杏朱彩,関根瞳・希水しお,,https://asobichannel.asobistore.jp/watch/0dzf80qw1,,マンスリーMC：紫月杏朱彩、ゲスト：関根瞳、希水しお #七草にちかのHBTK
296,2024/08/13(火) 22:00,マンスリーMC：紫月杏朱彩,,,紫月杏朱彩,河野ひより・白石晴香・和久井優,,https://asobichannel.asobistore.jp/watch/03w4ey6hky,,マンスリーMC：紫月杏朱彩、ゲスト：河野ひより、白石晴香、和久井優 #七草にちかのHBTK
297,2024/08/20(火) 22:00,マンスリーMC：紫月杏朱彩,,,紫月杏朱彩,丸岡和佳奈・土屋李央,,https://asobichannel.asobistore.jp/watch/acgf3ew5d,,マンスリーMC：紫月杏朱彩、ゲスト：丸岡和佳奈、土屋李央 #七草にちかのHBTK
298,2024/08/27(火) 22:00,ユニット回：シーズ,,シーズ,紫月杏朱彩,山根綺,,https://asobichannel.asobistore.jp/watch/bf7i49k4zq,,マンスリーMC：紫月杏朱彩、ゲスト：山根綺 #七草にちかのHBTK
299,2024/09/03(火) 22:00,マンスリーMC：田嶌紗蘭,,,田嶌紗蘭,八巻アンナ・三川華月,,https://asobichannel.asobistore.jp/watch/pc80nr1qo07,,マンスリーMC：田嶌紗蘭、ゲスト：八巻アンナ、三川華月 #福丸小糸のHBTK
300,2024/09/10(火) 22:00,マンスリーMC：田嶌紗蘭,,,田嶌紗蘭,結名美月・黒木ほの香,,https://asobichannel.asobistore.jp/watch/l24pdivvhqfu,,マンスリーMC：田嶌紗蘭、ゲスト：結名美月、黒木ほの香 #福丸小糸のHBTK
301,2024/09/17(火) 22:00,マンスリーMC：田嶌紗蘭,,,田嶌紗蘭,永井真里子・川口莉奈,,https://asobichannel.asobistore.jp/watch/l8gspn8dtrb,,マンスリーMC：田嶌紗蘭、ゲスト：永井真里子、川口莉奈 #福丸小糸のHBTK
302,2024/09/24(火) 22:00,ユニット回：ノクチル,,ノクチル,田嶌紗蘭,和久井優・土屋李央・岡咲美保,,https://asobichannel.asobistore.jp/watch/7qccgkbgc,,マンスリーMC：田嶌紗蘭、ゲスト：和久井優、土屋李央、岡咲美保 #福丸小糸のHBTK
303,2024/10/01(火) 22:00,ばぶるは初MC！ツッコミ不在の癒しラジオ,,,三川華月・小澤麗那,芝崎典子,,https://asobichannel.asobistore.jp/watch/saj0hqeiq,,マンスリーMC：三川華月、小澤麗那、ゲスト：芝崎典子 #だぶるはのHBTK
304,2024/10/08(火) 21:00,6.5th振り返り生配信,生配信,,,菅沼千沙・河野ひより・黒木ほの香・三川華月,,https://asobichannel.asobistore.jp/watch/o6wa8uj7rm3,,生配信 / 出演：黒木ほの香、菅沼千紗、河野ひより、三川華月
305,2024/10/15(火) 22:00,Chapter283 お疲れサマーサマーオーシャンパーリィーバケーション,,,三川華月・小澤麗那,峯田茉優・幸村恵理,,https://asobichannel.asobistore.jp/watch/i9pl7agpdf,,マンスリーMC：三川華月・小澤麗那、ゲスト：峯田茉優・幸村恵理 #だぶるはのHBTK
306,2024/10/22(火) 22:00,プロデューサーの数だけ答えがある？透コミュを語る！,,,三川華月・小澤麗那,和久井優,,https://asobichannel.asobistore.jp/watch/qnyibo9xbh,,マンスリーMC：三川華月・小澤麗那、ゲスト：和久井優 #だぶるはのHBTK
307,2024/10/29(火) 22:00,祝1周年＆コメティック流ハロウィンパーティー,,コメティック,三川華月・小澤麗那,川口莉奈,,https://asobichannel.asobistore.jp/watch/mom1wj4x4,,マンスリーMC：三川華月・小澤麗那、ゲスト：川口莉奈 #だぶるはのHBTK
308,2024/11/05(火) 22:00,うちらTeam.Luna夜露死苦！,,,峯田茉優,前川涼子・北原沙弥香,,https://asobichannel.asobistore.jp/watch/w7mq8snfjm,,マンスリーMC：峯田茉優、ゲスト：前川涼子・北原沙弥香 #八宮めぐるのHBTK
309,2024/11/12(火) 22:00,コミュトーク満載。乙女行き過ぎ⁈,,,峯田茉優,希水しお,,https://asobichannel.asobistore.jp/watch/bu6imalrzpem,,マンスリーMC：峯田茉優、ゲスト：希水しお #八宮めぐるのHBTK
310,2024/11/19(火) 22:00,3人の共通点みんなは分かる？,,,峯田茉優,八巻アンナ・岡咲美保,,https://asobichannel.asobistore.jp/watch/ylfstu0anwop,,マンスリーMC：峯田茉優、ゲスト：八巻アンナ、岡咲美保 #八宮めぐるのHBTK
311,2024/11/26(火) 22:00,イチャイチャイルミネ。,,イルミネーションスターズ,峯田茉優,関根瞳・近藤玲奈,,https://asobichannel.asobistore.jp/watch/79hl2l5ssakz,,マンスリーMC：峯田茉優、ゲスト：関根瞳、近藤玲奈 #八宮めぐるのHBTK
312,2024/12/03(火) 22:00,私も甜花も、がんばりましゅ！,,,前川涼子,丸岡和佳奈,,https://asobichannel.asobistore.jp/watch/n2zcm5tijitp,,マンスリーMC：前川涼子、ゲスト：丸岡和佳奈 #大崎甜花のHBTK
313,2024/12/10(火) 22:00,ママストロメリア開催⁈,,,前川涼子,河野ひより・土屋李央,,https://asobichannel.asobistore.jp/watch/x2rncwdmjw2h,,マンスリーMC：前川涼子、ゲスト：河野ひより・土屋李央 #大崎甜花のHBTK
314,2024/12/17(火) 22:00,連れて行くよ⇔来ないでください,,,前川涼子,結名美月・紫月杏朱彩,,https://asobichannel.asobistore.jp/watch/5mrpjc89yk3,,マンスリーMC：前川涼子、ゲスト：結名美月・紫月杏朱彩 #大崎甜花のHBTK
315,2024/12/24(火) 22:00,アニバーサリー⋯泣,,アルストロメリア,前川涼子,黒木ほの香・芝崎典子,,https://asobichannel.asobistore.jp/watch/3p8zju5za,,マンスリーMC：前川涼子、ゲスト：黒木ほの香・芝崎典子 #大崎甜花のHBTK / ※年内最終配信、次回は来年1/7より新春生配信SP
316,2025/01/07(火) 22:00,新春生配信スペシャル,生配信,,,紫月杏朱彩・山根綺・川口莉奈,,https://asobichannel.asobistore.jp/watch/z15rwua0r,,新春生配信スペシャル2025 / 出演：紫月杏朱彩・山根綺・川口莉奈
317,2025/01/14(火) 23:00,今日から23時！初MCもテンション高めでお届け,,,礒部花凜,永井真里子・涼本あきほ,,https://asobichannel.asobistore.jp/watch/k684vrba4p,,マンスリーMC：礒部花凜、ゲスト：涼本あきほ・永井真里子 #月岡恋鐘のHBTK / 今回から配信時間変更
318,2025/01/21(火) 23:00,クールなユニットのセンターはアレがないとムズムズ!?,,,礒部花凜,田中有紀,,https://asobichannel.asobistore.jp/watch/7oqnjb9vsson,,マンスリーMC：礒部花凜、ゲスト：田中有紀 #月岡恋鐘のHBTK
319,2025/01/28(火) 23:00,アンティーカの楽屋トーク～キャストMVの裏話を添えて～,,アンティーカ,礒部花凜,菅沼千紗・八巻アンナ・結名美月・菅沼千沙,,https://asobichannel.asobistore.jp/watch/mps13tjmrp9b,,マンスリーMC：礒部花凜、ゲスト：菅沼千紗・八巻アンナ・結名美月 #月岡恋鐘のHBTK
320,2025/02/04(火) 23:00,バラしちゃおう。ストレイライトライブ前,,,河野ひより,和久井優,,https://asobichannel.asobistore.jp/watch/uh5g7a4kua72,,マンスリーMC：河野ひより、ゲスト：和久井優 #小宮果穂のHBTK
321,2025/02/11(火) 23:00,ストーリーと共に、距離が近付いていってる,,,河野ひより,北原沙弥香・三川華月,,https://asobichannel.asobistore.jp/watch/2o3ux0xwsm,,マンスリーMC：河野ひより、ゲスト：北原沙弥香・三川華月 #小宮果穂のHBTK
322,2025/02/18(火) 23:00,語ります！はるきLanding Point,,,河野ひより,関根瞳・小澤麗那,,https://asobichannel.asobistore.jp/watch/f8uyrnoiqxew,,マンスリーMC：河野ひより、ゲスト：関根瞳・小澤麗那 #小宮果穂のHBTK
323,2025/02/26(水) 23:00,先生から放クラへのありがたいお言葉,,放課後クライマックスガールズ,河野ひより,永井真里子・涼本あきほ,白石晴香・丸岡和佳奈,https://asobichannel.asobistore.jp/watch/75y9tkerj5j5,,マンスリーMC：河野ひより、ゲスト：永井真里子・涼本あきほ #小宮果穂のHBTK
324,2025/03/06(木) 19:00,シャニアニ2nd LIVEライブ後SP生配信！,生配信,,,希水しお・幸村恵理・田嶌紗蘭,,https://asobichannel.asobistore.jp/watch/sf43d3ja7,,シャニアニ2nd LIVEライブ後SP生配信！ / 出演：希水しお、幸村恵理、田嶌紗蘭 ※涼本あきほは体調不良のため出演見合わせ
325,2025/03/11(火) 23:00,想像のつばさ 語ります,,,関根瞳,岡咲美保,,https://asobichannel.asobistore.jp/watch/a37q74pvb,,マンスリーMC：関根瞳、ゲスト：岡咲美保 #櫻木真乃のHBTK
326,2025/03/18(火) 23:00,神様は”ぴゃ”だ、って,,,関根瞳,田嶌紗蘭・川口莉奈,,https://asobichannel.asobistore.jp/watch/nlg3wu4i2w,,マンスリーMC：関根瞳、ゲスト：田嶌紗蘭・川口莉奈 #櫻木真乃のHBTK
327,2025/03/25(火) 23:00,宣伝王大ピンチ!?,,,関根瞳,前川涼子・芝崎典子,,https://asobichannel.asobistore.jp/watch/apaxb6zyv,,マンスリーMC：関根瞳、ゲスト：前川涼子・芝崎典子 #櫻木真乃のHBTK
328,2025/04/01(火) 23:00,ウェルカム トゥ シャニソン！,,イルミネーションスターズ,関根瞳,峯田茉優,近藤玲奈,https://asobichannel.asobistore.jp/watch/2q3wb4i61b8w,,マンスリーMC：関根瞳、ゲスト：峯田茉優 #櫻木真乃のHBTK / ※近藤玲奈は出演取りやめ
329,2025/04/08(火) 23:00,輝きにかわるに変わってもうすぐ1年,,,岡咲美保,黒木ほの香,,https://asobichannel.asobistore.jp/watch/3xuf3p8hi4w,,マンスリーMC：岡咲美保、ゲスト：黒木ほの香 #市川雛菜のHBTK
330,2025/04/15(火) 23:00,パフォーマンス中、目が合う瞬間,,,岡咲美保,八巻アンナ・丸岡和佳奈,,https://asobichannel.asobistore.jp/watch/1xamq3n5gk6,,マンスリーMC：岡咲美保、ゲスト：八巻アンナ・丸岡和佳奈 #市川雛菜のHBTK
331,2025/04/22(火) 23:00,渋谷をジャックしたアイドルたち,,,岡咲美保,北原沙弥香・紫月杏朱彩,,https://asobichannel.asobistore.jp/watch/t39gxs06vof,,マンスリーMC：岡咲美保、ゲスト：北原沙弥香・紫月杏朱彩 #市川雛菜のHBTK
332,2025/04/29(火) 23:00,ノクチル、5年間の愛しき日々,,ノクチル,岡咲美保,和久井優・土屋李央・田嶌紗蘭,,https://asobichannel.asobistore.jp/watch/du9xn91gnc,,マンスリーMC：岡咲美保、ゲスト：和久井優・土屋李央・田嶌紗蘭 #市川雛菜のHBTK
333,2025/05/06(火) 23:00,でもこれ⋯っ！”パラレル”なんだよなぁ～！,,,山根綺,結名美月・小澤麗那,,https://asobichannel.asobistore.jp/watch/dn484kjogdr,,マンスリーMC：山根綺、ゲスト：結名美月・小澤麗那 #緋田美琴のHBTK
334,2025/05/13(火) 23:00,人間の成長劇だよね,,,山根綺,菅沼千紗,,https://asobichannel.asobistore.jp/watch/37d71n68w4o,,マンスリーMC：山根綺、ゲスト：菅沼千紗 #緋田美琴のHBTK
335,2025/05/20(火) 23:00,銀河みたい、、、、、！,,,山根綺,田中有紀・永井真里子,,https://asobichannel.asobistore.jp/watch/t6wfw5emda,,マンスリーMC：山根綺、ゲスト：田中有紀・永井真里子 #緋田美琴のHBTK
336,2025/05/27(火) 23:00,半分以上、にちかが関わっている⋯！,,シーズ,山根綺,紫月杏朱彩,,https://asobichannel.asobistore.jp/watch/w8fgu2rpx1,,マンスリーMC：山根綺、ゲスト：紫月杏朱彩 #緋田美琴のHBTK
337,2025/06/03(火) 23:00,ここをパワースポットとする,,,希水しお,河野ひより・前川涼子,,https://asobichannel.asobistore.jp/watch/w8kkvexqd2b,,マンスリーMC：希水しお、ゲスト：前川涼子・河野ひより / #三峰結華のHBTK
338,2025/06/10(火) 23:00,このコミュ、審議です！,,,希水しお,峯田茉優,,https://asobichannel.asobistore.jp/watch/iqeojco06,,マンスリーMC：希水しお、ゲスト：峯田茉優 / #三峰結華のHBTK
339,2025/06/17(火) 23:00,フレミング左手の法則,,アンティーカ,希水しお,礒部花凜・八巻アンナ・結名美月,菅沼千沙,https://asobichannel.asobistore.jp/watch/8wlur6ry9kml,,マンスリーMC：希水しお、ゲスト：礒部花凜・八巻アンナ・結名美月 / #三峰結華のHBTK
340,2025/06/27(金) 19:00,円環福岡振り返り生配信,生配信,,希水しお,山根綺,,https://asobichannel.asobistore.jp/watch/mkbzecwe2,,生配信 / #三峰結華のHBTK
341,2025/07/01(火) 23:00,”蹴り”好きすぎない？,,,北原沙弥香,,,https://asobichannel.asobistore.jp/watch/5kwut8bgy,,マンスリーMC：北原沙弥香 / #和泉愛依のHBTK
342,2025/07/10(木) 18:00,円環横浜振り返り生配信,生配信,,北原沙弥香,永井真里子,,https://asobichannel.asobistore.jp/watch/2r7ivgxjk,,生配信 / #和泉愛依のHBTK
343,2025/07/15(火) 23:00,円環先輩からのアドバイス,,,北原沙弥香,和久井優・三川華月,,https://asobichannel.asobistore.jp/watch/syvezp8ja4,,マンスリーMC：北原沙弥香、ゲスト：和久井優・三川華月 / #和泉愛依のHBTK
344,2025/07/22(火) 23:00,トップアイドルとは,,ストレイライト,北原沙弥香,田中有紀・幸村恵理,,https://asobichannel.asobistore.jp/watch/mki18frzosyi,,マンスリーMC：北原沙弥香、ゲスト：田中有紀・幸村恵理 / ※7/29は休止、次回は8/5
345,2025/08/05(火) 23:00,アルスト、まだまだ味するぜ！,,,黒木ほの香,,,https://asobichannel.asobistore.jp/watch/y1fmwrsdwm,,マンスリーMC：黒木ほの香 #大崎甘奈のHBTK
346,2025/08/15(金) 19:00,円環愛知振り返り生配信,生配信,,黒木ほの香,小澤麗那,,https://asobichannel.asobistore.jp/watch/d41yjm5t9v1l,,生配信 / #大崎甘奈のHBTK
347,2025/08/19(火) 23:00,MCにオチをつけてくれる人たち,,,黒木ほの香,丸岡和佳奈・結名美月,,https://asobichannel.asobistore.jp/watch/x8ydsdk4j3c,,マンスリーMC：黒木ほの香、ゲスト：丸岡和佳奈・結名美月 #大崎甘奈のHBTK
348,2025/08/26(火) 23:00,パーフェクトなラジオってなにぃ～泣,,アルストロメリア,黒木ほの香,前川涼子・芝崎典子,,https://asobichannel.asobistore.jp/watch/do1sxu6uzhg,,マンスリーMC：黒木ほの香、ゲスト：前川涼子・芝崎典子 #大崎甘奈のHBTK
349,2025/09/02(火) 23:00,透がしっかりお仕事している…！,,,和久井優,,,https://asobichannel.asobistore.jp/watch/ihyczyfnmma7,,マンスリーMC：和久井優 #浅倉透のHBTK
350,2025/09/09(火) 23:00,保冷剤巻き付けよ！,,,和久井優,礒部花凜・北原沙弥香,,https://asobichannel.asobistore.jp/watch/sb4vbwpmc20n,,マンスリーMC：和久井優、ゲスト：礒部花凜・北原沙弥香 #浅倉透のHBTK
351,2025/09/16(火) 23:00,普段、台本に書き込みってする？,,,和久井優,菅沼千紗,,https://asobichannel.asobistore.jp/watch/hi34qmr4s,,マンスリーMC：和久井優、ゲスト：菅沼千紗 #浅倉透のHBTK
352,2025/09/23(火) 23:00,幸せになってよ、みんな,,ノクチル,和久井優,土屋李央・田嶌紗蘭,岡咲美保,https://asobichannel.asobistore.jp/watch/t2iza54oz85y,,マンスリーMC：和久井優、ゲスト：土屋李央・田嶌紗蘭 #浅倉透のHBTK
353,2025/10/02(木) 19:00,円環青森振り返り生配信,生配信,,和久井優,関根瞳,,https://asobichannel.asobistore.jp/watch/wprqxisec,,生配信 / マンスリーMC：和久井優、ゲスト：関根瞳 #浅倉透のHBTK
354,2025/10/07(火) 23:00,ルカ、丸くなったねぇ～,,,川口莉奈,,,https://asobichannel.asobistore.jp/watch/evfdutkon8z,,マンスリーMC：川口莉奈 #斑鳩ルカのHBTK
355,2025/10/14(火) 23:00,優しい店員さんのアシスト,,,川口莉奈,前川涼子・幸村恵理,,https://asobichannel.asobistore.jp/watch/8vsx3k637,,マンスリーMC：川口莉奈、ゲスト：前川涼子・幸村恵理 #斑鳩ルカのHBTK
356,2025/10/21(火) 23:00,帰ってきたハロウィン回,,コメティック,川口莉奈,小澤麗那,小澤麗那,https://asobichannel.asobistore.jp/watch/gzp2di8pr9x,,マンスリーMC：川口莉奈、ゲスト：小澤麗那 #斑鳩ルカのHBTK
357,2025/10/29(水) 18:00,螺旋振り返り生配信,生配信,,,峯田茉優・希水しお・涼本あきほ、川口莉奈,,https://asobichannel.asobistore.jp/watch/r4dxv6fje0o,,生配信 / 出演：峯田茉優、希水しお、涼本あきほ、川口莉奈
358,2025/11/04(火) 23:00,シャニマスの「静」担当,,,涼本あきほ,,,https://asobichannel.asobistore.jp/watch/5n6qnmb8nkab,,マンスリーMC：涼本あきほ #有栖川夏葉のHBTK
359,2025/11/11(火) 23:00,小糸ちゃん嬉しいねぇ！\\（ウレシイ！）//,,,涼本あきほ,田嶌紗蘭・紫月杏朱彩,,https://asobichannel.asobistore.jp/watch/ls2v0mihka,,マンスリーMC：涼本あきほ、ゲスト：田嶌紗蘭・紫月杏朱彩 #有栖川夏葉のHBTK
360,2025/11/18(火) 23:00,私は架空の女子高に通ってるんですけど,,,涼本あきほ,関根瞳・岡咲美保,,https://asobichannel.asobistore.jp/watch/6o3r0z75rz0,,マンスリーMC：涼本あきほ、ゲスト： 関根瞳・岡咲美保 #有栖川夏葉のHBTK
361,2025/11/25(火) 23:00,武士が足りないな⋯⋯,,放課後クライマックスガールズ,涼本あきほ,河野ひより・永井真里子・丸岡和佳奈,白石晴香・涼本あきほ,https://asobichannel.asobistore.jp/watch/23oeu1zznwyx,,出演：河野ひより、永井真里子、丸岡和佳奈 #有栖川夏葉のHBTK / ※涼本あきほは体調不良でお休み
362,2025/12/02(火) 23:00,霧子のコミュの読みがわかるのは、シャニラジだけ！,,,結名美月,,,https://asobichannel.asobistore.jp/watch/isezf9ttzg,,マンスリーMC：結名美月 #幽谷霧子のHBTK
363,2025/12/09(火) 23:00,そのちょっとのボイスで脳が…...うっ...…,,,結名美月,近藤玲奈・三川華月,,https://asobichannel.asobistore.jp/watch/7ng0ltgr8,,マンスリーMC：結名美月、ゲスト：近藤玲奈・三川華月 #幽谷霧子のHBTK
364,2025/12/16(火) 23:00,変拍子から逃れられない,,Fumage,結名美月,和久井優,,https://asobichannel.asobistore.jp/watch/lrsftpl8l7a,,マンスリーMC：結名美月、ゲスト：和久井優 #幽谷霧子のHBTK
365,2025/12/23(火) 23:00,もうちょっと摩美々やってよ,,アンティーカ,結名美月,菅沼千沙,礒部花凜・八巻アンナ・希水しお,https://asobichannel.asobistore.jp/watch/khejhwilb4,,マンスリーMC：結名美月、ゲスト：菅沼千紗 #幽谷霧子のHBTK / ※次回は1/6
366,2026/01/06(火) 23:00,2026年もシャニラジから！,,,峯田茉優,,,https://asobichannel.asobistore.jp/watch/s2leazi9nf4,,マンスリーMC：峯田茉優 #八宮めぐるのHBTK
367,2026/01/13(火) 23:00,実現したの。合法的に,,イルミネーションスターズ,峯田茉優,関根瞳・近藤玲奈,,https://asobichannel.asobistore.jp/watch/dcgqgos6h5,,マンスリーMC：峯田茉優、ゲスト：関根瞳・近藤玲奈 #八宮めぐるのHBTK
368,2026/01/20(火) 23:00,持ち上げられて、全カットです,,Sonic Heart (and Signal),峯田茉優,河野ひより・岡咲美保,礒部花凜,https://asobichannel.asobistore.jp/watch/x8dsy3qk06y,,マンスリーMC：峯田茉優、ゲスト：河野ひより・岡咲美保 #八宮めぐるのHBTK
369,2026/01/29(木) 20:00,大解剖 楽曲コメンタリー生配信！（騎士団振り返り生配信）,生配信,,,菅沼千沙・八巻アンナ・真崎エリカ,,https://asobichannel.asobistore.jp/watch/rx3u582mabq,,生配信 / 出演：菅沼千紗、八巻アンナ、真崎エリカ
370,2026/02/03(火) 23:00,学マスちゃんをエスコート,,,土屋李央,,,https://asobichannel.asobistore.jp/watch/avsm2kty8wlf,,マンスリーMC：土屋李央 #樋口円香のHBTK
371,2026/02/10(火) 23:00,お賽銭も個性もバラバラ！,,ノクチル,土屋李央,和久井優・田嶌紗蘭,,https://asobichannel.asobistore.jp/watch/uko4wzdsyte,,マンスリーMC：土屋李央、ゲスト：和久井優・田嶌紗蘭 #樋口円香のHBTK
372,2026/02/19(木) 20:00,大感謝祭振り返り生配信,生配信,,土屋李央,関根瞳・八巻アンナ・芝崎典子・田嶌紗蘭,,https://asobichannel.asobistore.jp/watch/jo5umu2vol,,生配信 / 出演：関根瞳、八巻アンナ、芝崎典子、田嶌紗蘭
373,2026/02/24(火) 23:00,レコーディングで〇〇〇になりました,,Σ Desire,土屋李央,永井真里子・田中有紀,田中有紀・山根綺・川口莉奈,https://asobichannel.asobistore.jp/watch/1utjy7bfqjv,,マンスリーMC：土屋李央、ゲスト：永井真里子・田中有紀 #樋口円香のHBTK
374,2026/03/03(火) 23:00,イマジナリーコメティック!?,,,小澤麗那,,,https://asobichannel.asobistore.jp/watch/dsh0sbqwrd7y,,マンスリーMC：小澤麗那 #郁田はるきのHBTK
375,2026/03/10(火) 23:00,台本に修羅場って書かれてる！,,,小澤麗那,黒木ほの香・幸村恵理,,https://asobichannel.asobistore.jp/watch/a04cx2ey1go,,マンスリーMC：小澤麗那、ゲスト：黒木ほの香・幸村恵理 #郁田はるきのHBTK
376,2026/03/17(火) 23:00,目が合わせらせない…！,,ザ・ふたりトラベラー,小澤麗那,関根瞳,,https://asobichannel.asobistore.jp/watch/a4ehswkay05w,,マンスリーMC：小澤麗那、ゲスト：関根瞳 #郁田はるきのHBTK
377,2026/03/24(火) 23:00,ギャハハ！ラーメンラーメン！（本人）,,コメティック,小澤麗那,川口莉奈・三川華月,,https://asobichannel.asobistore.jp/watch/tmzlhg9028u,,マンスリーMC：小澤麗那、ゲスト：川口莉奈・三川華月 #郁田はるきのHBTK / ※次回は4/7
378,2026/04/07(火) 23:00,新ユニットはバロック!?ヒガン龍!?,,,芝崎典子,,,https://asobichannel.asobistore.jp/watch/w89mr8cjwkh,,マンスリーMC：芝崎典子 #桑山千雪のHBTK
379,2026/04/14(火) 23:00,合体ッ！木崎前りのほ！,,アルストロメリア,芝崎典子,黒木ほの香・前川涼子,,https://asobichannel.asobistore.jp/watch/895uf69ug,,マンスリーMC：芝崎典子、ゲスト：黒木ほの香・前川涼子 #桑山千雪のHBTK
380,2026/04/21(火) 23:00,そんなのできないよぉよぉよぉ～,,彼岸流,芝崎典子,涼本あきほ・近藤玲奈,八巻アンナ・北原沙弥香,https://asobichannel.asobistore.jp/watch/4g6r6io79cx,,マンスリーMC：芝崎典子、ゲスト：涼本あきほ・近藤玲奈 #桑山千雪のHBTK
381,2026/05/01(金) 19:00,∞th振り返り生配信,生配信,,,峯田茉優・菅沼千沙・芝崎典子・和久井優,,https://asobichannel.asobistore.jp/watch/luyaq3i31v,,生配信 / 出演：峯田茉優、菅沼千紗、芝崎典子、和久井優
382,2026/05/05(火) 23:00,何が言いたかったんだっけ。あの⋯ ⋯ありがとうございます,,,希水しお,,,https://asobichannel.asobistore.jp/watch/90rpfcoy5fm4,,マンスリーMC：希水しお #三峰結華のHBTK
383,2026/05/12(火) 23:00,ほとんどまっさらな状態,,,希水しお,紫月杏朱彩,,https://asobichannel.asobistore.jp/watch/hwnchp33os7q,,マンスリーMC：希水しお、ゲスト：紫月杏朱彩 #三峰結華のHBTK
384,2026/05/19(火) 23:00,椅子と一緒に出てきたいな,,アンティーカ,希水しお,礒部花凜・結名美月,菅沼千沙・八巻アンナ,https://asobichannel.asobistore.jp/watch/n9z0d22su,,マンスリーMC：希水しお、ゲスト：礒部花凜・結名美月 #三峰結華のHBTK
385,2026/05/26(火) 23:00,うる⋯⋯こだわりある方だから,,No 1 feel alone,希水しお,黒木ほの香・田嶌紗蘭,丸岡和佳奈,https://asobichannel.asobistore.jp/watch/7lzj24n1w,,マンスリーMC：希水しお、ゲスト：黒木ほの香・田嶌紗蘭 #三峰結華のHBTK
386,2026/06/02(火) 23:00,えー、ご職業は？,,,丸岡和佳奈,,,https://asobichannel.asobistore.jp/watch/mezqqsmvz62,,マンスリーMC：丸岡和佳奈 #杜野凛世のHBTK
387,2026/06/09(火) 23:00,手で×を作ってるのなんで？,,,丸岡和佳奈,前川涼子・和久井優,,https://asobichannel.asobistore.jp/watch/txn0qhshaxcz,,マンスリーMC：丸岡和佳奈、ゲスト：前川涼子・和久井優 #杜野凛世のHBTK
388,2026/06/16(火) 23:00,かわるか、また,,,丸岡和佳奈,岡咲美保,,https://asobichannel.asobistore.jp/watch/f3xbnzp90t,,マンスリーMC：丸岡和佳奈、ゲスト：岡咲美保 #杜野凛世のHBTK
389,2026/06/23(火) 23:00,高音を担当していただいて,,,丸岡和佳奈,近藤玲奈・八巻アンナ,,https://asobichannel.asobistore.jp/watch/0186taqtj,,マンスリーMC：丸岡和佳奈、ゲスト：近藤玲奈・八巻アンナ #杜野凛世のHBTK
390,2026/06/30(火) 23:00,色に例えると？,,放課後クライマックスガールズ,丸岡和佳奈,河野ひより・永井真里子・丸岡和佳奈,白石晴香・涼本あきほ,https://asobichannel.asobistore.jp/watch/fqzn4yx2u0,,マンスリーMC：丸岡和佳奈、ゲスト：河野ひより・永井真里子 #杜野凛世のHBTK
391,2026/07/07(火) 23:00,読み終わった後にずっと残り続けるコミュ,,,紫月杏朱彩,,,https://asobichannel.asobistore.jp/watch/lm3pylt7b4qy,,マンスリーMC：紫月杏朱彩 #七草にちかのHBTK
392,2026/07/14(火) 23:00,私の中の峯田と茉優が暴れた,,,紫月杏朱彩,峯田茉優・結名美月・涼本あきほ,,https://asobichannel.asobistore.jp/watch/ysyufzd9t,,マンスリーMC：紫月杏朱彩、ゲスト：峯田茉優・結名美月・涼本あきほ #七草にちかのHBTK
393,2026/07/21(火) 23:00,ほんとに何か持っていきな!?,,,紫月杏朱彩,永井真里子・黒木ほの香,,https://asobichannel.asobistore.jp/watch/l0v7szj7b,,マンスリーMC：紫月杏朱彩、ゲスト：永井真里子・黒木ほの香 #七草にちかのHBTK
394,2026/07/28(火) 23:00,5人で一斉に喋っちゃう,,,紫月杏朱彩,河野ひより・和久井優・土屋李央,,https://asobichannel.asobistore.jp/watch/qtd5x9i353yk,,
395,2026/08/01(土) 17:00,～YouTube放送スタート記念！ 映像付き生配信～,生配信,,黒木ほの香、前川涼子,川口莉奈、三川華月,,https://www.youtube.com/live/7ax36M80dGQ?si=nX6pjgLOgUGpFbWA,,
396,2026/08/11(火) 23:00,大喜利を振らないで！,,,黒木ほの香、前川涼子,幸村恵理、土屋李央,,https://youtu.be/AMB3iWMMfj4?si=4wT0FQEBW3J3CZSB,,
