列 1,列 2,列 3,列 4,列 5,列 6,列 7,Column 10,Column 11,Column 12,Column 13,Column 14,Column 15,Column 16,Column 17,Column 18,Column 19,Column 20,Column 21,Column 22,Column 23,Column 24,列 8,Column 25,Column 26,Column 27,Column 28,Column 29,Column 30,Column 35,Column 36,Column 37,Column 38,Column 39,Column 40,Column 41,Column 42,Column 43,Column 44,Column 45,Column 46,Column 47,Column 48,Column 31,Column 32,Column 33,Column 34,列 9,Column 50,Column 51,Column 52,Column 53,Column 54,Column 55,Column 56,Column 57,Column 58,Column 59,Column 60,Column 61,Column 62,列 10,列 11,列 12,列 13,列 14,列 15,列 16,列 17,列 18,Column 73,Column 74,Column 75,Column 76,Column 77,Column 78,Column 79,列 19,列 20
1,関根瞳,1,5,9,13,17,21,25,29,37,39,44,49,54,59,64,69,74,79,84,89,95,101,107,113,119,125,131,137,139,146,153,160,167,174,181,188,P2,198,205,213,222,229,237,245,252,260,269,277,283,286,295,311,322,325,326,326,328,353,367,372,376,,,,,,,,,,,,,,,,
2,近藤玲奈,1,5,9,13,17,21,25,29,33,37,39,44,49,54,59,64,69,74,79,84,89,95,101,107,113,119,125,131,137,139,146,153,160,174,181,188,P2,198,222,229,237,252,260,277,311,363,367,380,389,,,,,,,,,,,,,,,,,,,,,,,,,,,,
3,峯田茉優,1,5,9,13,17,21,25,29,33,37,39,44,49,54,59,64,69,74,79,84,89,95,101,107,113,119,125,131,137,139,146,153,160,167,174,181,188,189,198,205,213,222,229,236,237,245,252,260,269,277,286,294,305,308,309,310,311,328,338,357,366,367,368,381,392,,,,,,,,,,,,
4,礒部花凜,2,6,10,14,18,22,34,37,40,45,50,55,60,65,70,75,80,85,90,96,102,108,114,120,126,132,140,147,154,161,168,182,197,197,199,206,214,223,230,238,246,261,278,283,317,318,319,339,350,384,,,,,,,,,,,,,,,,,,,,,,,,,,,
5,菅沼千沙,2,6,10,14,82,22,26,30,34,37,40,45,50,55,60,65,70,75,80,85,90,96,102,108,114,120,126,132,140,147,154,161,168,175,182,191,P3,199,214,223,230,238,246,254,261,278,286,291,304,319,334,351,365,369,381,,,,,,,,,,,,,,,,,,,,,,
6,八巻アンナ,2,6,10,14,18,22,26,30,34,37,40,45,50,55,60,65,70,75,80,85,90,102,108,114,120,126,132,140,147,154,161,175,182,190,191,P3,199,206,214,223,230,236,238,246,254,261,270,286,290,299,310,319,330,339,369,372,389,,,,,,,,,,,,,,,,,,,,
7,成海瑠奈,2,6,10,14,18,22,26,30,34,37,40,45,50,55,60,65,70,75,80,85,90,96,102,108,114,120,126,132,140,147,154,,,,,,,,,,,,,,,,,,,,,,,,,,,,,,,,,,,,,,,,,,,,,,
7,希水しお,191,P3,199,214,216,223,230,238,246,254,261,265,270,278,295,309,324,337,338,339,340,357,382,383,384,385,,,,,,,,,,,,,,,,,,,,,,,,,,,,,,,,,,,,,,,,,,,,,,,,,,,
8,結名美月,2,6,10,14,18,22,26,30,34,37,40,45,50,55,60,65,70,75,80,85,90,96,102,108,114,120,126,132,140,147,154,161,168,175,182,191,P3,199,206,214,223,230,238,246,253,254,261,270,278,286,300,314,319,333,339,347,362,363,364,365,384,392,,,,,,,,,,,,,,,
14,黒木ほの香,3,7,11,15,19,23,27,31,35,37,41,46,51,56,61,66,71,76,81,86,91,97,103,109,115,121,127,133,141,148,155,162,169,176,183,192,200,P5,208,215,224,231,240,247,255,262,271,279,288,300,304,315,329,345,346,347,348,375,379,385,393,,,,,,,,,,,,,,,,
15,前川涼子,3,7,11,15,19,23,27,31,35,37,41,46,51,56,61,66,71,76,81,86,91,97,103,109,115,121,127,133,141,148,155,162,169,176,183,189,192,200,P5,207,208,215,224,231,240,247,255,262,271,279,288,290,292,308,312,313,314,315,327,337,348,355,379,387,,,,,,,,,,,,,
16,芝崎典子,3,7,11,15,19,23,27,31,35,37,41,46,51,56,61,66,71,76,81,86,91,97,103,109,115,121,127,133,141,148,155,162,169,176,183,192,200,P5,208,215,224,231,240,247,255,262,265,271,279,288,294,303,315,327,348,372,378,379,380,381,,,,,,,,,,,,,,,,,
9,河野ひより,4,8,12,16,20,24,28,32,36,37,42,47,52,57,62,67,72,77,82,87,92,98,104,110,116,122,128,134,142,149,156,163,170,177,184,189,193,201,P4,207,209,218,225,232,241,248,256,263,272,280,296,304,313,320,321,322,323,337,361,368,390,394,,,,,,,,,,,,,,,
10,白石晴香,4,8,12,16,20,24,28,32,36,37,42,47,52,57,62,67,72,77,82,87,92,98,104,110,122,128,134,142,149,156,163,177,184,193,P4,218,225,232,241,248,256,272,289,296,,,,,,,,,,,,,,,,,,,,,,,,,,,,,,,,,
11,永井真里子,4,8,12,16,20,24,28,32,36,37,42,47,52,57,62,67,72,77,82,87,92,98,104,110,116,122,128,134,142,149,156,163,170,177,184,193,197,209,218,225,232,241,256,263,272,280,289,301,317,323,335,342,361,373,390,393,,,,,,,,,,,,,,,,,,,,,
12,丸岡和佳奈,4,8,12,16,20,24,28,32,36,37,42,47,52,57,62,67,72,77,82,87,92,98,104,110,116,122,128,134,142,149,156,163,170,184,190,193,201,209,218,225,232,241,248,253,256,263,272,280,297,312,330,347,361,386,387,388,389,390,,,,,,,,,,,,,,,,,,,
13,涼本あきほ,4,8,12,16,20,24,28,32,36,37,42,47,52,57,62,67,72,77,82,87,92,98,104,110,116,122,128,134,142,156,163,170,177,184,193,201,P4,209,218,225,232,241,248,256,263,280,289,290,292,317,323,357,358,359,360,380,392,,,,,,,,,,,,,,,,,,,,
17,田中有紀,38,43,48,53,58,63,68,73,78,83,88,93,99,105,111,117,123,129,135,143,150,157,164,171,178,185,194,202,210,P6,219,226,233,236,242,249,257,264,273,281,291,292,293,318,335,344,373,,,,,,,,,,,,,,,,,,,,,,,,,,,,,,
18,幸村恵理,38,43,48,53,58,63,68,73,78,83,88,93,99,105,111,117,123,129,135,143,150,157,164,171,178,185,194,202,210,P6,216,219,226,233,249,257,264,265,273,281,293,305,324,344,355,375,,,,,,,,,,,,,,,,,,,,,,,,,,,,,,,
19,北原沙弥香,38,43,48,53,58,63,68,73,78,83,88,93,99,105,111,117,123,129,135,143,150,157,164,171,178,185,189,194,197,202,210,P6,219,226,233,242,249,257,264,273,281,293,294,308,321,331,341,342,343,344,350,,,,,,,,,,,,,,,,,,,,,,,,,,
20,和久井優,94,100,106,112,118,124,130,136,144,151,158,165,172,179,186,195,203,211,P7,220,227,234,243,250,258,266,274,282,283,296,302,306,320,332,343,349,350,351,352,353,364,371,381,387,394,,,,,,,,,,,,,,,,,,,,,,,,,,,,,,,,
21,土屋李央,94,100,106,112,118,124,130,136,144,151,158,165,172,179,186,197,203,207,211,P7,220,234,243,250,258,266,274,282,297,302,313,332,352,370,371,373,394,,,,,,,,,,,,,,,,,,,,,,,,,,,,,,,,,,,,,,,,
22,田嶌紗蘭,94,100,106,112,118,124,130,136,144,151,158,165,172,179,186,190,195,203,211,P7,220,227,234,243,250,258,265,266,274,282,291,294,299,300,301,302,324,326,332,352,359,371,372,385,,,,,,,,,,,,,,,,,,,,,,,,,,,,,,,,,
23,岡咲美保,94,100,106,112,118,124,130,144,151,158,165,179,186,195,P7,227,234,243,258,266,302,310,325,329,330,331,332,368,388,,,,,,,,,,,,,,,,,,,,,,,,,,,,,,,,,,,,,,,,,,,,,,,,
24,紫月杏朱彩,138,145,152,159,166,173,180,187,196,204,212,P8,221,228,235,236,244,251,259,267,275,284,290,295,296,297,298,314,316,331,336,359,383,391,392,393,394,,,,,,,,,,,,,,,,,,,,,,,,,,,,,,,,,,,,,,,,
25,山根綺,138,145,152,159,166,173,180,187,196,204,212,216,P8,221,228,235,244,251,253,259,267,275,284,316,333,334,335,336,340,,,,,,,,,,,,,,,,,,,,,,,,,,,,,,,,,,,,,,,,,,,,,,,,
26,川口莉奈,253,268,276,285,298,301,307,316,326,354,355,356,357,377,,,,,,,,,,,,,,,,,,,,,,,,,,,,,,,,,,,,,,,,,,,,,,,,,,,,,,,,,,,,,,,
27,三川華月,268,276,285,299,303,304,305,306,307,321,343,363,377,,,,,,,,,,,,,,,,,,,,,,,,,,,,,,,,,,,,,,,,,,,,,,,,,,,,,,,,,,,,,,,,
28,小澤麗奈,268,276,285,294,303,305,306,307,322,333,346,356,374,375,376,377,,,,,,,,,,,,,,,,,,,,,,,,,,,,,,,,,,,,,,,,,,,,,,,,,,,,,,,,,,,,,
29,高山祐介,217,239,,,,,,,,,,,,,,,,,,,,,,,,,,,,,,,,,,,,,,,,,,,,,,,,,,,,,,,,,,,,,,,,,,,,,,,,,,,
30,真崎エリカ,369,,,,,,,,,,,,,,,,,,,,,,,,,,,,,,,,,,,,,,,,,,,,,,,,,,,,,,,,,,,,,,,,,,,,,,,,,,,,