楽曲名,アルバム,ジャケット画像ファイル
裸足じゃイラレナイ,Song for Prism 裸足じゃイラレナイ / 明日もBeautiful Day,LACM-24475.jpg
明日もBeautiful Day,Song for Prism 裸足じゃイラレナイ / 明日もBeautiful Day,LACM-24476.jpg
ハナムケのハナタバ,Song for Prism ハナムケのハナタバ / 青空,LACM-24525.jpg
青空,Song for Prism ハナムケのハナタバ / 青空,LACM-24526.jpg
Happier,Song for Prism Happier / 枕木の歌,LACM-24528.jpg
枕木の歌,Song for Prism Happier / 枕木の歌,LACM-24529.jpg
時限式狂騒ワンダーランド,Song for Prism 時限式狂騒ワンダーランド / LINKs,LACM-24552.jpg
LINKs,Song for Prism 時限式狂騒ワンダーランド / LINKs,LACM-24553.jpg
After Run,Song for Prism After Run / mellow mellow,LACM-24609.jpg
mellow mellow,Song for Prism After Run / mellow mellow,LACM-24610.jpg
Heads or Tails？,Song for Prism Heads or Tails？ / グッバイ,LACM-24628.jpg
グッバイ,Song for Prism Heads or Tails？ / グッバイ,LACM-24629.jpg
Shower of light,Song for Prism Shower of light / 快盗Vを見逃すな,LACM-24634.jpg
快盗Vを見逃すな,Song for Prism Shower of light / 快盗Vを見逃すな,LACM-24635.jpg
Real Mind Shakes,Song for Prism Real Mind Shakes / THE LAST PRIDE,LACM-24636.jpg
THE LAST PRIDE,Song for Prism Real Mind Shakes / THE LAST PRIDE,LACM-24637.jpg
キズナシェアリング,シャニマス大感謝祭！ 〜283スポーツフェスティバル〜,LACZ-10335.jpg
Lit up my sky,シャニマス大感謝祭！ 〜283スポーツフェスティバル〜,LACZ-10336.jpg
永遠色アーチ,シャニマス大感謝祭！ 〜283スポーツフェスティバル〜,LACZ-10337.jpg
感謝のコントレイル,シャニマス大感謝祭！ 〜283スポーツフェスティバル〜,HAeQlocagAEADK0.jpg
