楽曲名,楽曲区分
1/3,オリジナル
283体操,オリジナル
365日のストーリー,オリジナル
abyss of conflict,オリジナル
After Run,オリジナル
Ambitious Eve,オリジナル
Anniversary,オリジナル
Another Rampage,オリジナル
BEAST MODE,オリジナル
Black Reverie ,オリジナル
Bloomy!,オリジナル
Borderline,オリジナル
Bouncy Girl,オリジナル
Break Chain,オリジナル
BRIGHTEST WHITE,オリジナル
BURN BURN,オリジナル
C'mon! Join Us,オリジナル
CANDY UNIVERSE,オリジナル
Catch the Breeze,オリジナル
Clean.Clean up,オリジナル
Color Days,オリジナル
Cyber Parkour,オリジナル
Damascus Cocktail,オリジナル
Darling you!,オリジナル
Daybreak Age,オリジナル
DAYDREAM LOVE,オリジナル
Destined Rival,オリジナル
Dye the sky.,オリジナル
Fading Stars,オリジナル
Fashionable,オリジナル
FELICE,オリジナル
Fly and Fly,オリジナル
Forbidden Paradise,オリジナル
Forward March！！！,オリジナル
Future Designer,オリジナル
Future Transit,オリジナル
FUTURITY SMILE,オリジナル
GET OVER,オリジナル
Give me some more...,オリジナル
Going my way,オリジナル
GOTCHA,オリジナル
Happier,オリジナル
Happy Funny Lucky,オリジナル
HAREBARE!!,オリジナル
Heads or Tails?,オリジナル
Hide & Attack,オリジナル
Imitation Ghost ,オリジナル
Karma,オリジナル
KAWAII♡めたもる交響曲,オリジナル
Killer×Mission,オリジナル
KoiKyun！,オリジナル
Let's get a chance,オリジナル
LINKs,オリジナル
Lit up my sky,オリジナル
LIVE LIVE LIVE!,オリジナル
Look up to the sky,オリジナル
Love Addiction,オリジナル
Love Letter,オリジナル
mellow mellow,オリジナル
Midnight parade!,オリジナル
Migratory Echoes,オリジナル
Migratory Echoes (アルストロメリアVer.),オリジナル
Migratory Echoes (アンティーカVer.),オリジナル
Migratory Echoes (イルミネーションスターズVer.),オリジナル
Migratory Echoes (コメティックVer.),オリジナル
Migratory Echoes (シーズVer.),オリジナル
Migratory Echoes (ストレイライトVer.),オリジナル
Migratory Echoes (ノクチルVer.),オリジナル
Migratory Echoes (放課後クライマックスガールズVer.),オリジナル
Monochromatic,オリジナル
Multicolored Sky,オリジナル
My time,オリジナル
Naraku,オリジナル
NEO THEORY FANTASY,オリジナル
OH MY GOD,オリジナル
Oh Yeah!!,オリジナル
Once Upon a Secret,オリジナル
One Live One Love,オリジナル
One Live One Love (Mortal Remix),オリジナル
ONE STAR,オリジナル
OPEN the New world,オリジナル
Overdrive Emotion,オリジナル
Pioneer Impact,オリジナル
Poison Berry Daughters,オリジナル
PRISISM,オリジナル
QUEEN OF THE PIRATES,オリジナル
Real Mind Shakes,オリジナル
Reflection,オリジナル
Resonance⁺ ,オリジナル
REWRITING,オリジナル
Ring Ring Ringの魔法,オリジナル
Secret utopIA,オリジナル
Shiny Stories,オリジナル
Shower of light,オリジナル
Sleepless Nights,オリジナル
SNOW FLAKES MEMORIES,オリジナル
Snowflake,オリジナル
SOLAR WAY,オリジナル
SOS,オリジナル
Sparkle,オリジナル
Spread the Wings!!,オリジナル
STARRY PLACE,オリジナル
Start up Stand up,オリジナル
statice,オリジナル
Summer Night Paradise,オリジナル
SUPER DUPER DREAMER,オリジナル
Sweet Memories,オリジナル
SWEET♡STEP,オリジナル
SWEETEST BITE,オリジナル
Swing it!,オリジナル
THE LAST PRIDE,オリジナル
Timeless Shooting Star,オリジナル
Tokyo自由系*ガール,オリジナル
Tracing Defender,オリジナル
Transcending The World,オリジナル
Twinkle way,オリジナル
Unsung Heroes,オリジナル
VERY BERRY LOVE,オリジナル
Wandering Dream Chaser,オリジナル
We can go now!,オリジナル
White Story,オリジナル
With you,オリジナル
アイノウ,オリジナル
あおぞらサイダー,オリジナル
アスタラブビスタ,オリジナル
アスファルトを鳴らして,オリジナル
あの花のように,オリジナル
アポイント・シグナル,オリジナル
ありったけの輝きで,オリジナル
アルストロメリア,オリジナル
いつか Shiny Days,オリジナル
いつかのキミへ,オリジナル
いつだって僕らは,オリジナル
イルミネイトコンサート,オリジナル
カウントダウンラブ,オリジナル
キズナシェアリング,オリジナル
キャットスクワッド,オリジナル
キラピコ.exe,オリジナル
くだらないや,オリジナル
グッバイ,オリジナル
クライマックスアイランド,オリジナル
グラデーション,オリジナル
クローバー,オリジナル
さあ舞い上がれ,オリジナル
サマーサマーオーシャンパーリィバケーション,オリジナル
シャイニーエクササイズ,オリジナル
シャイノグラフィ ,オリジナル
スマイルシンフォニア,オリジナル
スローモーション,オリジナル
ダブル・イフェクト,オリジナル
チョコデート・サンデー,オリジナル
ツバサグラビティ,オリジナル
デビ太郎のうた,オリジナル
とある英雄たちの物語,オリジナル
トライアングル,オリジナル
ねぇ、ねぇ、ねぇ,オリジナル
パーティーマジックデザイナー,オリジナル
パステルカラー パスカラカラー,オリジナル
ハナサカサイサイ,オリジナル
ハナマルバッジ,オリジナル
ハナムケのハナタバ,オリジナル
ハピリリ,オリジナル
バベルシティ・グレイス,オリジナル
ビーチブレイバー,オリジナル
ヒカリのdestination,オリジナル
ひめくりモザイク,オリジナル
フェアリー・ガール,オリジナル
プラスチック・アンブレラ,オリジナル
プラニスフィア ～planisphere～,オリジナル
プリズムフレア,オリジナル
ブレイク・アウト・セレンディピティ,オリジナル
ボーダーレス・ノンストレス,オリジナル
ホムラインビテーション,オリジナル
また明日,オリジナル
メッセージ,オリジナル
メモワール・アンタクト,オリジナル
よりみちサンセット,オリジナル
ラビリンス・レジスタンス,オリジナル
ラブ・ボナペティート,オリジナル
リフレインブレイン,オリジナル
リフレクトサイン,オリジナル
ルピラ,オリジナル
わたしの主人公はわたしだから！,オリジナル
愛しき日々,オリジナル
愛なView,オリジナル
一閃は君が導く,オリジナル
運命前夜,オリジナル
永遠色アーチ,オリジナル
過純性ブリーチ,オリジナル
快盗Vを見逃すな,オリジナル
街角メランコリー,オリジナル
革命進化論,オリジナル
学祭革命夜明け前,オリジナル
感謝のコントレイル,オリジナル
輝きにかわる,オリジナル
銀翼のアヴニール -become the brave-,オリジナル
銀翼のアレジアンス -blade of truth-,オリジナル
愚者の独白,オリジナル
月影のアンシェネ,オリジナル
幻惑SILHOUETTE,オリジナル
五ツ座流星群,オリジナル
紅花-benibana-,オリジナル
今しかない瞬間を,オリジナル
散花-sanka-,オリジナル
似セ者,オリジナル
時限式狂騒ワンダーランド,オリジナル
秋の終わり、僕の記憶,オリジナル
純白トロイメライ,オリジナル
常咲の庭,オリジナル
神様は死んだ、って,オリジナル
進路は超銀河,オリジナル
迅雷鉄火,オリジナル
星が流れて,オリジナル
星の数だけ,オリジナル
星の声,オリジナル
星をめざして,オリジナル
晴れのちバルーン,オリジナル
青とオレンジ,オリジナル
青空,オリジナル
雪・月・風・花,オリジナル
絶対正義 EVERY DAY,オリジナル
千夜アリア,オリジナル
全力アンサー,オリジナル
想像のつばさ,オリジナル
相合学舎,オリジナル
太陽キッス,オリジナル
誰ソ彼アイデンティティー,オリジナル
泥濘鳴鳴,オリジナル
虹になれ,オリジナル
虹の行方,オリジナル
拝啓タイムカプセル,オリジナル
浮動性イノセンス,オリジナル
文明開花輪舞 -シティ・ハレルヤ-,オリジナル
平行線の美学,オリジナル
放課後マギア,オリジナル
僕らだけの未来の空,オリジナル
枕木の歌,オリジナル
未来へのSign,オリジナル
夢が夢じゃなくなるその日まで,オリジナル
夢見鳥,オリジナル
夢咲きAfter school,オリジナル
夢模様キャンバス,オリジナル
無垢,オリジナル
無自覚アプリオリ,オリジナル
明日もBeautiful Day,オリジナル
有彩色ユリイカ,オリジナル
裸足じゃイラレナイ,オリジナル
乱舞る,オリジナル
橙より未来,オリジナル
GR@TITUDE,ブランド合同
VOY@GER,ブランド合同
アイ NEED YOU（FOR WONDERFUL STORY）,ブランド合同
なんどでも笑おう,ブランド合同
異次元★♥BIGBANG,ブランド合同
99 Nights,外部
ABSOLUTE RUN!!!,外部
ALIVE,外部
Blue Symphony,外部
BRAVE STAR,外部
Colorful Dreams! Colorful Smiles!,外部
Compass Gripper!!!,外部
CRYST@LOUD,外部
Dance in the Light,外部
dans l'obscurité,外部
DIAMOND JOKER,外部
Drastic Melody,外部
Emergence Vibe,外部
Fate of the World,外部
Friendly Smile,外部
fruity love,外部
Gaze and Gaze,外部
Gossip Club,外部
"Guilty Night, Guilty Kiss! ",外部
Howling over the World,外部
I Want,外部
I'm so free!,外部
JOKER↗オールマイティ,外部
Light Year Song,外部
LOVE is GAME,外部
Love∞Destiny,外部
M@STERPIECE,外部
MIRACLE NEW STORY,外部
MOON NIGHTのせいにして,外部
MY舞☆TONIGHT,外部
O-Ku-Ri-Mo-No Sunday!,外部
ONENESS,外部
Paint it delight! ,外部
Pavé Étoiles,外部
Plus 1 Good Day!,外部
POPLINKS TUNE!!!!!,外部
Radio Happy,外部
RAY OF LIGHT,外部
READY!!,外部
SESSION!,外部
shiny smile,外部
Snow halation,外部
Stargazer,外部
Study Equal Magic!,外部
"Sunny day, Perfect day",外部
Thank You!,外部
THE IDOLM@STER,外部
Trancing Pulse,外部
ULTIMATE FLAME,外部
Understand? Understand!,外部
Upper Dog,外部
WE WILL!! ,外部
We're the one,外部
アイ MUST GO！,外部
アマテラス,外部
アライブファクター,外部
あんきら！？狂騒曲,外部
いとをかし！〜一彩×合彩〜,外部
エージェント夜を往く,外部
ガールズ・イン・ザ・フロンティア,外部
きまぐれユモレスク,外部
キミとセミブルー,外部
きゅんっ！ヴァンパイアガール,外部
キラメキラリ,外部
ココロ☆エクササイズ,外部
ザ・ライブ革命でSHOW！,外部
ジャングル☆パーティー,外部
スパイスパラダイス,外部
スペードのQ,外部
スマイル・エンゲージ,外部
そしてぼくらは旅にでる,外部
ドレミファクトリー！,外部
バーニン・クールで輝いて,外部
ハーモニクス,外部
ハイファイ☆デイズ,外部
バベル,外部
フォーチュンムービー,外部
ミュージアムジカ,外部
もふデビ★うぉんてっど,外部
ラ♥ブ♥リ♥,外部
ラビューダ♡トライアングル,外部
レッド・ソール,外部
夏時間グラフィティ,外部
花ざかりWeekend✿,外部
冠菊,外部
君のステージ衣装、本当は…,外部
紅白応援V (ビクトリー),外部
純情Midnight伝説,外部
宵闇のイリュージョン,外部
推しってほんと,外部
待ち受けプリンス,外部
電波感傷,外部
虹色letters,外部
虹色ミラクル,外部
秘密のメモリーズ,外部
百花は月下に散りぬるを,外部
僕らは今のなかで,外部
恋のHamburg♪,外部
繚乱！ビクトリーロード,外部
愛♡スクリ〜ム！,外部
Love & Joy,外部
Marionetteは眠らない,外部
エクストリーム・オーバードライブ,外部
Neon Sphere,外部
vs.BELIEVERS,外部
FlaME,外部
2nd SIDE,外部
Shamrock Vivac,外部
ダンス・ダンス・ダンス,外部
CRIMSON LOVERS,外部
群青イニシエーション,外部
Rockin' Emotion,外部
三分半の創世,外部
放っておかないファイヴァーズ,オリジナル
できたてEvo! Revo! Generation!,外部
喜怒哀楽万国共通 -Burn it up!,外部
アイドルは、かく語りき,外部
Campus mode!!,外部
Rat A Tat!!!,外部
shy→shining,外部