出演回,YouTube_URL
292,https://youtu.be/2fXFSfMuR38
293,https://youtu.be/Gq8yuT10GYo
297,https://youtu.be/myidO2blnRA
299,https://youtu.be/sOtS4kwI5Qg
300,https://youtu.be/2VuT5GzsMHM
301,https://youtu.be/2Cjc3lVo9pM
302,https://youtu.be/kCGaeRU76iM
303,https://youtu.be/ifIU8j9Bsrc
305,https://youtu.be/sC46UndCInY
306,https://youtu.be/ul_1BtE6CZI
307,https://youtu.be/eP0A41NqN5c
308,https://youtu.be/yF9TbjLAEc0
309,https://youtu.be/hVVvCY0T8Dk
310,https://youtu.be/YIRCcxT7PBQ
311,https://youtu.be/cDQ4mK9L78I
312,https://youtu.be/n293wezlx-E
313,https://youtu.be/rd0KIq1u-h4
314,https://youtu.be/vJ45Bn1_GaM
315,https://youtu.be/kr1QdjWN8mQ
316,https://youtu.be/ImOX6s_2YHo
317,https://youtu.be/bH_ASUUUsXE
318,https://youtu.be/HBzz3PeKMHU
319,https://youtu.be/p0ygAAlWqPc
320,https://youtu.be/1yLyl8tvV14
321,https://youtu.be/oN3xaZge3FE
322,https://youtu.be/3BD7xtVhqO4
323,https://youtu.be/oWzxYrlyW1M
325,https://youtu.be/Ve_Pcp0s3F8
326,https://youtu.be/Cx4Be9GFIOg
327,https://youtu.be/kxOX83BgQcQ
328,https://youtu.be/bGGQ-h3knOc
329,https://youtu.be/Dgqj0l8niL0
330,https://youtu.be/7ZiU--xkjw4
331,https://youtu.be/OSZwJr1L8rE
332,https://youtu.be/HSFgwK5LPwI
333,https://youtu.be/T3z4nDkI2ZE
334,https://youtu.be/oJUX3mmXJGk
335,https://youtu.be/2yEPqHGa68Q
336,https://youtu.be/XYiG4zQOTxU
337,https://youtu.be/SoZDDixxt5Q
338,https://youtu.be/NxE_FGGh9yg
339,https://youtu.be/DtnMkn5W1ko
340,https://youtu.be/OD7ypie-M-o
341,https://youtu.be/IBxxuZiODf0
342,https://youtu.be/6EeY7SzIUuA
343,https://youtu.be/Yo-SBjzPaL0
344,https://youtu.be/XCq1O5XTo_o
345,https://youtu.be/LBBjf8t2XQw
347,https://youtu.be/rxR37IIGKvg
348,https://youtu.be/6y4fTJHLvOM
349,https://youtu.be/p-II_TGKYMg
350,https://youtu.be/Hw25sUuhgXk
351,https://youtu.be/LvlzJ4uMuNE
352,https://youtu.be/3ATFUKQnUOQ
354,https://youtu.be/g3ednnjd1M8
355,https://youtu.be/t-KvQ15HMck
356,https://youtu.be/YEdfecFbj8s
358,https://youtu.be/kxDuegPkgKs
359,https://youtu.be/wVD7QPaj3R4
360,https://youtu.be/aHjNNbaLezQ
361,https://youtu.be/-1RgmSCUmTw
362,https://youtu.be/nLNF46JH89U
363,https://www.youtube.com/watch?v=mO7nFotcBg8
364,https://youtu.be/SVuG8yNuFM4
365,https://youtu.be/QOquXcqdvD0
366,https://youtu.be/NlCS7me0HI4
367,https://youtu.be/soW4mdMWi5c
368,https://youtu.be/tobisJL9hD0
370,https://youtu.be/ExskihvGluE
371,https://youtu.be/mFyR-xOa-2c
372,https://youtu.be/lilbo-g8Vw4
373,https://youtu.be/nRUMMnI1kSQ
374,https://youtu.be/GfdpbZ7LxSg
375,https://youtu.be/ZRRvQN7lG0g
376,https://youtu.be/WxZ1_ZQwj7I
377,https://youtu.be/P98JcAGIX-Y
378,https://youtu.be/4W6KHZPBxG8
379,https://youtu.be/vEmEAOW76Q8
380,https://youtu.be/Knx_PLYEukU
381,https://youtu.be/yCfSUdF2Lcc
382,https://youtu.be/IRVyzST00MY
383,https://youtu.be/M219H0BqmfM
384,https://youtu.be/nQ3Vt-M7Urg
385,https://www.youtube.com/watch?v=-AeLKN9jj_s
386,https://www.youtube.com/watch?v=jqlnIt_6XA4
387,https://www.youtube.com/watch?v=WybNoy5i77c
388,https://www.youtube.com/watch?v=3mUj5RujQ_0
389,https://www.youtube.com/watch?v=3jz3zXYw3lw
390,https://youtu.be/sPPK5ThBfC0
391,https://youtu.be/50bD3qaKB74
392,https://youtu.be/wX0Wwo4UrYM
393,https://youtu.be/4IT_Lfr2UrI
394,https://youtu.be/sCx3gytpCSk
395,https://youtu.be/pr8nmdhPK7I
