対象,区分,YouTube_URL
イルミネーションスターズ,初回,https://youtu.be/3JZvcuxByGc
イルミネーションスターズ,4th,https://youtu.be/tcUNvITPQg4
アンティーカ,初回,https://youtu.be/gIjvqXlsBes
アンティーカ,4th,https://youtu.be/q6FYifeU_yk
放課後クライマックスガールズ,初回,https://youtu.be/p9WfsKWNNZE
放課後クライマックスガールズ,4th,https://youtu.be/DQaE8Rt4oCs
アルストロメリア,初回,https://youtu.be/EsqpddjlGlY
アルストロメリア,4th,https://youtu.be/A_5GiOpS4lI
ストレイライト,初回,https://youtu.be/ebThDhPAcv8
ストレイライト,4th,https://youtu.be/LWzEtD0KGcY
ノクチル,初回,https://youtu.be/b22lBj3P74c
ノクチル,4th,https://youtu.be/pwnlpfGutCA
シーズ,初回,https://youtu.be/jFD9cSD7z7c
シーズ,4th,https://youtu.be/nIEdf35pgU8
ルカ加入,初回,https://youtu.be/wnmkgY-eHOw
コメティック,初回,https://youtu.be/MRh7mzrUGXg
PJ:REFRAC7IONS,初回,https://youtu.be/lg8chE91-X8
I’m a Cutie Finder,初回,https://youtu.be/PrVRAMfcYjQ
Fumage,初回,https://youtu.be/Y_NbvCMZ918
Sonic Heart (and Signal),初回,https://youtu.be/HdNFRTTfyfc
Σ Desire,初回,https://youtu.be/gLNuY2icPyU
ザ・ふたりトラベラー,初回,https://youtu.be/ih0iwSjsKvc
彼岸流,初回,https://youtu.be/Ph0r64tZnx0
No 1 feel alone,初回,https://youtu.be/A7613HVrGDA
liminal marginal eternal,予告映像,https://youtu.be/6uPjklphPeo
櫻木真乃,個人PV,https://youtu.be/UtP9qoUsTcQ
風野灯織,個人PV,https://youtu.be/9R42RA6lZrI
八宮めぐる,個人PV,https://youtu.be/oJoiZeQjbRk
月岡恋鐘,個人PV,https://youtu.be/97R5dHnCGZ4
田中摩美々,個人PV,https://youtu.be/8SnERJXOXHg
白瀬咲耶,個人PV,https://youtu.be/iJoQWpvxeyc
三峰結華,個人PV,https://youtu.be/yjUdPFPYMz8
幽谷霧子,個人PV,https://youtu.be/uZZevNx-rDo
大崎甘奈,個人PV,https://youtu.be/5LiA2q8GzAg
大崎甜花,個人PV,https://youtu.be/4VbugWrnaZQ
桑山千雪,個人PV,https://youtu.be/LXaqdr3c3kQ
小宮果穂,個人PV,https://youtu.be/Uhj_i6SCmIs
園田智代子,個人PV,https://youtu.be/NNgolFxbwW0
西城樹里,個人PV,https://youtu.be/TM_iXRcXh90
杜野凛世,個人PV,https://youtu.be/E4c3l79fdV8
有栖川夏葉,個人PV,https://youtu.be/nKd0JkCS34Q
