周年,種別,YouTube_URL
リリース,周年PV 1,https://youtu.be/-Buc1a73WGA?si=8RiQSnacJLSlZ4Ef
リリース,周年PV 2,https://youtu.be/kNGxwNA6_1g?si=XMzq2fWcCL2JbEH4
1周年,周年PV,https://youtu.be/moygEk6KqpA?si=6G7lRhLl0tZJdY6r
2周年,周年PV,https://youtu.be/MeWxaAbgRo8?si=8NdSzgSDS0aFzzmA
3周年,周年PV,https://youtu.be/-M5bdpV31Xk?si=6N2jxfoQXRVLRE-K
4周年,周年PV,https://youtu.be/vpIVppSOSzw?si=Tl8DEBlrdDqXFIoX
5周年,周年PV 1,https://youtu.be/F5xxBvyiQKw?si=hZS3J9QLYwGwvBaE
5周年,周年PV 2,https://youtu.be/dMgQeEIcV3g?si=xGwFLHGz94YI_WeW
6周年,周年PV,https://youtu.be/4mspJhaS7PU?si=XEy9JnFhzrHvIXaQ
6.5周年,周年PV,https://www.youtube.com/watch?v=S0V7FzgzBqQ
7周年,周年PV,https://youtu.be/Jm9FyX79lOM?si=RkbAb53BHn9l01J4
8周年,周年PV,https://youtu.be/TdYKiaFREVM?si=A7pmV1t7Wocq_Wne
